word,pos,phonetic,chinese,definition_en,synonym1,synonym2,synonym3,easy_sentence,part3_sentence,sentence_cn_easy,sentence_cn_part3
a bit,phr.,/ə/ /bɪt/,有点；一点,a small amount; slightly,a little,slightly,somewhat,I am ______ tired after the long walk.,Some people feel ______ happier when they spend time with family.,走了很长一段路后，我有点累。,有些人觉得，花时间和家人在一起会稍微更快乐一点。
a bit of,phr.,/ə/ /bɪt/ /ɒv/,少量,a small amount of something,a little,some,a small amount of,Can I have ______ your water?,A ______ daily exercise can improve a person's health.,我能喝一点你的水吗？,每天做一点运动可以改善一个人的健康。
activity,n.,/ækˈtɪvəti/,活动,"something that you do, often for a purpose",task,action,pursuit,We did a fun ______ at school today.,Physical ______ is important for students' health in many countries.,我们今天在学校做了一个有趣的活动。,在许多国家，身体活动对学生的健康很重要。
adverb,n.,/ˈædvɜːb/,副词,a word that gives more information about a verb or adjective,modifier,qualifier,describing word,The word 'Quickly' is an ______ in this sentence.,Understanding the ______ helps learners use language more clearly.,“Quickly” 在这句话里是个副词。,理解副词有助于学习者更清晰地使用语言。
after school,phr.,/ˈɑːftə/ /skuːl/,放学后,the time after the school day ends,after class,when school finishes,post-school,I play football ______ every day.,______ programmes can help young people learn useful skills.,我每天放学后踢足球。,放学后的项目能帮助年轻人学到有用的技能。
amazing,adj.,/əˈmeɪzɪŋ/,令人大为惊奇的,very surprising and wonderful,surprising,astonishing,wonderful,The view from the mountain was ______.,Technology has made ______ changes to the way people communicate.,从山上看到的景色令人惊叹。,科技给人们的交流方式带来了惊人的改变。
area,n.,/ˈeəriə/,地区；地域,a part of a place or surface,region,zone,place,This ______ of the park is very quiet.,Living in a safe ______ is important for a family's quality of life.,公园的这一带非常安静。,住在一个安全的区域对家庭生活质量很重要。
around the world,phr.,/əˈraʊnd/ /ðə/ /wɜːld/,世界各地,in many different countries,worldwide,globally,everywhere,People ______ enjoy music.,Climate change is a problem ______.,全世界的人都喜欢音乐。,气候变化是一个全世界的问题。
article,n.,/ˈɑːtɪkəl/,文章,"a piece of writing in a newspaper, magazine, or website",text,piece,report,I read an interesting ______ about space.,Reading news ______ helps students learn about world issues.,我读了一篇关于太空的有趣文章。,阅读新闻文章有助于学生了解世界议题。
at birth,phr.,/æt/ /bɜːθ/,出生时,at the time when a baby is born,when born,from birth,on being born,The baby was small ______.,Some abilities are decided ______ and cannot be changed later.,这个婴儿出生时很小。,有些能力在出生时就决定了，以后无法改变。
at the checkout,phr.,/æt/ /ðə/ /ˈʧəkˈaʊt/,在付款处,the place in a shop where you pay,at the till,at the counter,when paying,We waited ______ for a long time.,Long queues ______ can make shopping unpleasant for customers.,我们在收银台等了很久。,收银台前排长队会让顾客购物体验变差。
athletics,n.,/æθˈlɛtɪks/,田径运动,"sports and exercises, especially running and jumping",sports,track and field,physical sport,He loves ______ at the weekend.,School ______ can teach young people about teamwork and effort.,他周末喜欢田径运动。,学校田径运动能教年轻人团队合作与努力。
Atlantic,adj.,/ətˈlæntɪk/,大西洋的,"relating to the ocean between Europe, Africa and the Americas",ocean,marine,sea,We crossed the ______ Ocean by ship.,The ______ Ocean connects Europe and the Americas by trade.,我们乘船穿过了大西洋。,大西洋通过贸易把欧洲和美洲连接起来。
basket,n.,/ˈbɑːskɪt/,篮；筐,"a container made of thin strips of wood, plastic, or wire",container,box,pannier,She put the fruit in a ______.,Local markets often sell food in hand-made ______.,她把水果放进篮子里。,当地市场常用手工篮子售卖食物。
be good at,phr.,/biː/ /ɡʊd/ /æt/,擅长...,to do something well,do well in,excel at,be skilled at,My sister is ______ maths.,Students who ______ a subject usually enjoy studying it more.,我妹妹擅长数学。,擅长某门学科的学生通常更享受学习它。
beach volleyball,n.,/biːʧ/ /ˈvɒlɪˌbɔːl/,沙滩排球,a sport played with a ball on sand,sand volleyball,outdoor volleyball,volleyball,We played ______ on holiday.,______ is popular in countries with warm coasts.,我们假期打了沙滩排球。,在有温暖海岸的国家，沙滩排球很流行。
birth,n.,/bɜːθ/,出生；诞生,the time when a baby comes out of its mother's body,arrival,being born,start of life,The ______ of the baby made the family happy.,The ______ rate in a country affects its future population.,宝宝的出生让全家很高兴。,一个国家的出生率影响未来人口。
bit,n.,/bɪt/,一部分,a small piece or amount of something,piece,part,fragment,I ate a ______ of chocolate.,Even a small ______ of progress each day can lead to success.,我吃了一小块巧克力。,即使每天只有一点点进步，也能通向成功。
catch the bus,phr.,/kæʧ/ /ðə/ /bʌs/,赶上公共汽车,to get on a bus successfully,get the bus,board the bus,make the bus,We must run to ______.,Good public transport helps people ______ without stress.,我们得跑着去赶公交车。,良好的公共交通帮助人们轻松赶上公交车。
cattle,n.,/ˈkætəl/,牛,cows and bulls kept on a farm,cows,livestock,herd,The farmer has many ______.,______ farming is an important industry in rural areas.,农夫有许多牛。,养牛业在农村地区是个重要产业。
cause,v.,/kɔːz/,造成；引起,to make something happen,create,bring about,lead to,The rain ______ the game to stop.,Poverty can ______ many social problems in a city.,下雨导致比赛停止。,贫困会导致城市里许多社会问题。
chat,v.,/ʧæt/,聊天,to talk in a friendly way,talk,converse,speak,We ______ online every evening.,Family ______ helps children feel close to their parents.,我们每天晚上在网上聊天。,家人聊天有助于孩子和父母更亲近。
check,v.,/ʧɛk/,检查；核实,to look at something to be sure it is right,test,examine,verify,Please ______ your answer before you finish.,Governments should ______ the quality of food in shops.,交卷前请检查你的答案。,政府应该检查商店里食品的质量。
chess,n.,/ʧɛs/,国际象棋,a game for two players on a board with pieces,board game,strategy game,mind game,My brother and I play ______ at weekends.,Learning ______ can improve a child's thinking skills.,我和哥哥周末下国际象棋。,学国际象棋能提升孩子的思维能力。
clean/do the dishes,phr.,/kliːn///duː/ /ðə/ /ˈdɪʃɪz/,洗碗,to wash the plates and cups after a meal,wash up,do the washing up,tidy the kitchen,I ______ after dinner.,Sharing housework like ______ helps family members get along.,我饭后洗碗。,分担像洗碗这样的家务有助于家人相处。
college,n.,/ˈkɒlɪʤ/,大学,a school for higher education after high school,university,school,institute,She will go to ______ next year.,A ______ education can improve a person's job chances.,她明年要去上大学。,大学教育能提升一个人的就业机会。
compare,v.,/kəmˈpeə/,比较；对比,to look at two things to see differences and similarities,contrast,measure against,examine side by side,Let's ______ the two phones.,People often ______ the lives of the young and the old.,我们来比较这两部手机。,人们常把年轻人和老年人的生活作比较。
complete,adj.,/kəmˈpliːt/,完整的；整个的,having all its parts; finished,whole,full,entire,The ______ book is on the table.,A ______ education should include both facts and skills.,完整的书在桌上。,完整的教育应同时包含知识和能力。
country,n.,/ˈkʌntri/,国家,a nation with its own government and land,nation,state,land,China is a large ______.,Every ______ should protect the health of its people.,中国是一个大国。,每个国家都应保护本国人民的健康。
countryside,n.,/ˈkʌntrɪsaɪd/,乡村；农村,"land away from cities, with fields and farms",rural area,village,farmland,We visited the ______ last weekend.,The ______ faces problems like the loss of young people.,我们上周末去了乡村。,乡村面临年轻人流失等问题。
cross-country skiing,n.,/ˌkrɒsˈkʌntri/ /ˈskiːɪŋ/,越野滑雪,a sport of skiing across snowy land,ski touring,Nordic skiing,snow skiing,They tried ______ in winter.,______ is a good way to enjoy nature in cold countries.,他们冬天试了越野滑雪。,在寒冷国家，越野滑雪是亲近自然的好方式。
daily life,phr.,/ˈdeɪli/ /laɪf/,日常生活,the things you do every day,everyday life,routine,day-to-day life,Music is part of my ______.,Technology now changes people's ______ in many ways.,音乐是我日常生活的一部分。,科技如今从多方面改变人们的日常生活。
daily routine,phr.,/ˈdeɪli/ /ruːˈtiːn/,日常惯例,the usual things you do each day,daily habit,schedule,regular activities,My ______ starts with breakfast.,A clear ______ helps children feel safe and organised.,我的日常惯例从早餐开始。,清晰的日常规律让孩子感到安全且有条理。
decide,v.,/dɪˈsaɪd/,对出抉择；决定,to choose something after thinking,choose,make up one's mind,determine,I ______ to walk to school.,Young people should ______ their own future with care.,我决定走路去上学。,年轻人应谨慎决定自己的未来。
describe,v.,/dɪˈskraɪb/,描述；形容,to say what something is like,explain,tell about,picture,Can you ______ your room?,News reports should ______ events in a clear and fair way.,你能描述一下你的房间吗？,新闻报道应清晰公正地描述事件。
do the laundry,phr.,/duː/ /ðə/ /ˈlɔːndri/,洗衣服,to wash clothes,wash clothes,do washing,clean clothes,I ______ on Sundays.,Machines that ______ save people a lot of time.,我周日洗衣服。,洗衣服的机器为人们节省大量时间。
driving lesson,n.,/ˈdraɪvɪŋ/ /ˈlɛsən/,驾驶课,a class where you learn to drive,driving class,driving tuition,driver training,He has a ______ today.,______ teach young adults about road safety.,他今天有一节驾驶课。,驾驶课教年轻人道路安全。
end,n.,/ɛnd/,结局,the final part of something,finish,conclusion,close,"At the ______ of the film, they met again.",The ______ of a school term is often a busy time.,电影结尾他们又相遇了。,学期结束往往是忙碌的时候。
example,n.,/ɪɡˈzɑːmpəl/,例子,one thing that shows what others are like,model,sample,case,This is a good ______ of kindness.,Giving a clear ______ helps students understand new ideas.,这是善良的一个好例子。,给出清晰例子有助于学生理解新概念。
exchange,n.,/ɪksˈʧeɪnʤ/,交流；互访,the act of giving something and getting something back,swap,trade,interchange,We had an ______ of gifts.,Cultural ______ between countries builds better understanding.,我们交换了礼物。,国家间的文化交流能增进理解。
exchange programme,n.,/ɪksˈʧeɪnʤ/ /ˈprəʊɡræm/,交换项目,a plan for students to study in another country,exchange project,study abroad plan,student swap,She joined an ______.,An ______ helps young people learn about other cultures.,她参加了一个交换项目。,交换项目帮助年轻人了解其他文化。
expensive,adj.,/ɪkˈspɛnsɪv/,昂贵的；价格高的,costing a lot of money,costly,pricey,dear,This phone is too ______.,______ housing is a problem in big cities.,这部手机太贵了。,高昂的房价是大城市的问题。
explain,v.,/ɪkˈspleɪn/,解释；说明,to make something clear or easy to understand,describe,clarify,show,Can you ______ this word?,Teachers should ______ ideas in a simple way.,你能解释这个词吗？,老师应简单地解释概念。
explore,v.,/ɪkˈsplɔː/,探索,to travel through a place to learn about it,discover,investigate,search,We ______ the old castle.,Science helps us ______ the world around us.,我们探索了那座古堡。,科学帮助我们探索周围的世界。
extra activity,n.,/ˈɛkstrə/ /ækˈtɪvəti/,课外活动,an activity in addition to normal school work,after-school activity,club,supplemental activity,He joined an ______ this term.,______ can help students find their interests.,他这学期参加了一个课外活动。,课外活动能帮助学生发现兴趣。
flat mate,n.,/flæt/ /meɪt/,同公寓房客,a person you share a flat with,roommate,housemate,cohabiter,My ______ cooks dinner.,A good ______ makes shared living more pleasant.,我的同公寓房客做晚饭。,好的合租室友让同居生活更愉快。
flight,n.,/flaɪt/,航程,a trip by plane,journey,trip,air travel,Our ______ was two hours late.,Cheap ______ help more people visit other countries.,我们的航程晚了两小时。,廉价航班让更多人能去别国旅游。
folk dancing,n.,/fəʊk/ /ˈdɑːnsɪŋ/,民族舞,traditional dancing of a region or people,traditional dance,ethnic dance,cultural dance,We watched ______ at the festival.,______ keeps old culture alive in modern life.,我们在节庆上看了民族舞。,民族舞在现代生活中保留了古老文化。
football,n.,/ˈfʊtbɔːl/,足球,a game played by kicking a ball,soccer,ball game,pitch game,He plays ______ every Saturday.,______ is the most popular sport in many countries.,他每周六踢足球。,足球在许多国家是最受欢迎的运动。
for example,phr.,/fɔːr/ /ɪɡˈzɑːmpəl/,例如,used to give a sample or instance,for instance,such as,like,"I like sports -- ______, swimming.","Some countries, ______, invest heavily in education.",我喜欢运动——例如游泳。,有些国家，例如，大力投资教育。
frequency,n.,/ˈfriːkwənsi/,频率,how often something happens,rate,number of times,regularity,The ______ of the bus is twice an hour.,The ______ of natural disasters has risen in recent decades.,这班公交车的频率是一小时两次。,近几十年来自然灾害的发生频率上升了。
get up,phr.,/ɡɛt/ /ʌp/,起床,to rise from bed and stand,rise,arise,get out of bed,I ______ at seven every morning.,People who ______ early often feel more productive during the day.,我每天早上七点起床。,早起的人往往在白天感到更有效率。
go to bed,phr.,/ɡəʊ/ /tuː/ /bɛd/,去睡觉,to lie down to sleep,go to sleep,retire,turn in,He likes to ______ at ten.,A regular time to ______ helps children stay healthy.,他喜欢十点去睡觉。,固定的睡觉时间有助于孩子保持健康。
group,n.,/ɡruːp/,组；群,a number of people or things together,team,collection,cluster,Our class is a small ______.,Working in a ______ can improve students' social skills.,我们班是一个小组。,以小组形式学习能提升学生的社交能力。
gym,n.,/ʤɪm/,健身房,a place for physical exercise,gymnasium,fitness centre,sports hall,We play basketball in the ______.,Many schools build a ______ to encourage daily exercise.,我们在健身房打篮球。,许多学校建造健身房来鼓励日常锻炼。
have a shower,phr.,/hæv/ /ə/ /ˈʃaʊə/,冲个澡,to wash your body under running water,take a shower,wash,clean up,I ______ every morning.,Hotels usually let guests ______ at any time.,我每天早上冲个澡。,酒店通常允许客人随时洗澡。
hesitate,v.,/ˈhɛzɪteɪt/,犹豫,to pause before doing something,wait,hold back,doubt,Don't ______ to ask for help.,Some students ______ to speak because they fear mistakes.,别犹豫，尽管求助。,一些学生因为怕犯错而犹豫开口。
host,v.,/həʊst/,主持,to organise and present an event,organise,present,run,She will ______ the school show.,A city that ______ an event gains international attention.,她将主持学校的演出。,举办活动的城市会获得国际关注。
host family,n.,/həʊst/ /ˈfæməli/,寄宿家庭,a family you live with when abroad,carer family,local family,stay family,I stayed with a ______ in London.,A good ______ helps exchange students learn the culture.,我在伦敦住在一个寄宿家庭。,好的寄宿家庭能帮助交换生了解当地文化。
improve,v.,/ɪmˈpruːv/,改进；改善,to make something better,better,develop,upgrade,Practice can ______ your English.,Education helps ______ a country's living standard.,练习能提升你的英语。,教育有助于改善一个国家的人民生活水平。
in order to,phr.,/ɪn/ /ˈɔːdə/ /tuː/,目的在于；为了,for the purpose of doing something,so as to,to,for the sake of,We study hard ______ pass the exam.,Governments invest in science ______ solve big problems.,我们努力学习是为了通过考试。,政府投资科学是为了解决重大问题。
in the centre of,phr.,/ɪn/ /ðə/ /ˈsɛntər/ /ɒv/,在……的中心,in the middle part of a place,in the middle of,at the heart of,central to,There is a fountain ______ the square.,The museum stands ______ the old city.,广场中央有一个喷泉。,博物馆位于古城的中心。
invent,v.,/ɪnˈvɛnt/,发明；创造,to create something new,create,design,come up with,Who ______ the telephone?,Scientists ______ new tools to make life easier.,谁发明了电话？,科学家发明新工具让生活更轻松。
join,v.,/ʤɔɪn/,成为一员；参加,to become a member of something,become part of,enter,take part in,Can I ______ your club?,Young people should ______ clubs to meet new friends.,我能加入你们的俱乐部吗？,年轻人应参加社团以结交新朋友。
journalist,n.,/ˈʤɜːnəlɪst/,新闻记者,a person who writes news,reporter,correspondent,writer,He wants to be a ______.,A ______ must check facts before publishing a story.,他想成为一名新闻记者。,记者在发稿前必须核实事实。
just,adv.,/ʤʌst/,恰好,only; simply,merely,simply,only,I am ______ a beginner.,"Some people are ______ interested in short videos, not long texts.",我只是个初学者。,有些人只对短视频感兴趣，而不是长文。
language,n.,/ˈlæŋɡwɪʤ/,语言,the system of words used by a country,tongue,speech,way of speaking,English is a useful ______.,Learning a foreign ______ helps people understand other cultures.,英语是一门有用的语言。,学习外语有助于人们理解其他文化。
language school,n.,/ˈlæŋɡwɪʤ/ /skuːl/,语言学校,a school where you study languages,language institute,language centre,school of languages,She goes to a ______ in summer.,A ______ attracts students from many countries.,她夏天去一所语言学校。,语言学校吸引来自许多国家的学生。
last,adj.,/lɑːst/,持续,coming after all others,final,ending,closing,The ______ day was rainy.,The ______ part of the trip is often the most tiring.,最后一天下雨了。,旅程的最后一段往往最累人。
lead to,phr. v.,/liːd/ /tuː/,导致,to cause a result,cause,bring about,result in,Hard work can ______ success.,Pollution may ______ serious health problems in cities.,努力能通向成功。,污染可能导致城市里严重的健康问题。
leave,v.,/liːv/,离开；留下,to go away from a place,depart,go away,exit,Please ______ the room quietly.,Many young people ______ villages to find work in cities.,请安静地离开房间。,许多年轻人离开乡村去城市找工作。
lose,v.,/luːz/,丧失；失去,to no longer have something,misplace,drop,fail to keep,I don't want to ______ my key.,People may ______ money if they do not plan a budget.,我不想弄丢钥匙。,人们若不规划预算可能会损失金钱。
magazine,n.,/ˌmæɡəˈziːn/,杂志,"a thin book with articles, published weekly",journal,periodical,review,I read a fashion ______.,A good ______ can teach students about the world.,我读了一本时尚杂志。,好的杂志能让学生了解世界。
match,n.,/mæʧ/,与……相配,a sports game between two teams,game,contest,fixture,We watched a football ______.,A close ______ can bring people together in a city.,我们看了一场足球比赛。,势均力敌的比赛能让一座城市的人团结起来。
meaning,n.,/ˈmiːnɪŋ/,意义；意思,what a word or action expresses,sense,definition,significance,Do you know the ______ of this word?,Understanding the ______ of a text is key to good reading.,你知道这个词的意思吗？,理解文章的含义是良好阅读的关键。
member,n.,/ˈmɛmbə/,成员,a person in a group or team,participant,part,associate,She is a ______ of the team.,Every ______ of society should follow the law.,她是球队的一员。,社会的每个成员都应遵守法律。
midday,n.,/ˌmɪdˈdeɪ/,正午,twelve o'clock in the day,noon,midday time,twelve o'clock,We eat at ______.,Shops often close for an hour at ______ in small towns.,我们中午吃饭。,小城镇的商店常在中午休息一小时。
midnight,n.,/ˈmɪdnaɪt/,午夜；子夜,twelve o'clock at night,twelve at night,late night,00:00,The party ended at ______.,Trains after ______ are often empty and quiet.,派对在午夜结束。,午夜后的火车常常空荡荡的。
moment,n.,/ˈməʊmənt/,片刻；瞬间,a very short time,minute,second,instant,"Wait a ______, please.","At that ______, the whole class became silent.",请等一下。,在那一刻，全班安静了下来。
Norway,n.,/ˈnɔːweɪ/,挪威,a country in northern Europe,the Nordic nation,Scandinavian country,northern European state,______ is famous for its fjords.,______ invests heavily in clean energy and education.,挪威以峡湾闻名。,挪威大力投资清洁能源与教育。
part,n.,/pɑːt/,区域；地区,a piece of a whole,piece,section,portion,This is the best ______ of the book.,Every ______ of a city has its own character.,这是这本书最精彩的部分。,城市的每个部分都有自己的特色。
past,n.,/pɑːst/,过去,the time before now,history,former times,yesteryear,We cannot change the ______.,A country's ______ shapes its culture today.,我们无法改变过去。,一个国家的过去塑造了今天的文化。
pause,v.,/pɔːz/,停顿,to stop for a short time,stop,halt,break,Please ______ the video.,A short ______ in work can help people think clearly.,请暂停视频。,工作中短暂的停顿能帮助人理清思路。
pay,v.,/peɪ/,付费,to give money for something,give money,settle,hand over,I ______ by card.,Customers ______ more for green products in some shops.,我用卡支付。,在一些商店，顾客为绿色产品付更多钱。
pile,n.,/paɪl/,堆,a stack of things on top of each other,stack,heap,mass,There is a ______ of books.,A ______ of rubbish on the street makes a city look untidy.,那里有一堆书。,街上一堆垃圾会让城市显得不整洁。
play,v.,/pleɪ/,播放,to take part in a game or sport,take part,compete,perform,They ______ tennis on Sundays.,Children who ______ outside learn to work with others.,他们周日打网球。,在户外玩耍的孩子学会与人合作。
pocket money,n.,/ˈpɒkɪt/ /ˈmʌni/,零花钱,a small amount of money for a child,allowance,small income,spending money,My parents give me ______.,______ teaches children to plan their spending.,父母给我零花钱。,零花钱教会孩子规划开销。
practise,v.,/ˈpræktɪs/,练习；训练,to do something repeatedly to improve,train,rehearse,drill,We ______ speaking every day.,Students must ______ to build real skills.,我们每天练习口语。,学生必须练习才能掌握真正的能力。
prepare,v.,/prɪˈpeə/,使做好准备；把备好,to get ready for something,get ready,plan,organise,I ______ dinner now.,"Schools ______ students for life, not only for exams.",我现在准备晚饭。,学校为学生的人生做准备，不仅是考试。
present simple,n.,/ˈprɛzənt/ /ˈsɪmpəl/,一般现在时,a verb form for habits and facts,simple present,general tense,habit tense,We use the ______ to talk about daily life.,The ______ shows truths that do not change.,我们用一般现在时谈论日常生活。,一般现在时表达不变的真理。
programme,n.,/ˈprəʊɡræm/,计划；方案,a planned set of activities,plan,schedule,show,The TV ______ is interesting.,A school ______ should balance study and rest.,这个电视节目很有趣。,学校课程应平衡学习与休息。
project,n.,/ˈprɒʤɛkt/,课题,a piece of work over time,task,assignment,venture,We finished our science ______.,A group ______ teaches students to cooperate.,我们完成了科学项目。,小组项目教学生学会合作。
Queensland,n.,/ˈkwiːnzlənd/,昆士兰,a state in north-east Australia,the Sunshine State,Australian state,northern state,______ has warm beaches.,______ welcomes many tourists for its natural beauty.,昆士兰有温暖的海滩。,昆士兰以自然美景吸引众多游客。
ready,adj.,/ˈrɛdi/,准备好,prepared to do something,prepared,set,all set,Are you ______ for the test?,A city is ______ for visitors when transport works well.,你准备好考试了吗？,当交通顺畅时，城市就做好了迎接游客的准备。
recipe,n.,/ˈrɛsɪpi/,菜谱,steps to cook a dish,method,formula,cooking guide,This ______ is very easy.,A simple ______ helps beginners learn to cook.,这个食谱很简单。,简单的食谱帮助初学者学做饭。
relax,v.,/rɪˈlæks/,放松；休息,to rest and feel calm,rest,unwind,calm down,I ______ by listening to music.,People need to ______ after a long day of work.,我听音乐来放松。,人们需要在漫长的工作日后放松。
return,v.,/rɪˈtɜːn/,归还,to come or go back,come back,go back,get back,When will you ______ home?,Migrant workers ______ to villages during festivals.,你什么时候回家？,外来务工者节日期间回到乡村。
Rio de Janeiro,n.,/ˈriːəʊ/ /diː/ /ʤəˈnɪərəʊ/,里约热内卢,a large city in Brazil,the Brazilian city,coastal city,tourist city,______ is famous for its carnival.,______ shows how culture can drive tourism.,里约热内卢以狂欢节闻名。,里约热内卢展示了文化如何带动旅游。
rubbish,n.,/ˈrʌbɪʃ/,垃圾,things thrown away,waste,trash,garbage,Please throw the ______ away.,Too much ______ harms the environment of a city.,请把垃圾扔掉。,过多的垃圾损害城市环境。
schoolbag,n.,/ˈskuːlˌbæɡ/,书包,a bag for books and school things,backpack,book bag,satchel,My ______ is heavy.,A light ______ helps children avoid back pain.,我的书包很重。,轻便的书包有助于孩子避免背痛。
shelf,n.,/ʃɛlf/,架子,a flat board to put things on,rack,ledge,board,The book is on the ______.,Shops use a ______ to display goods for customers.,书在架子上。,商店用货架向顾客展示商品。
shopping basket,n.,/ˈʃɒpɪŋ/ /ˈbɑːskɪt/,购物篮,a basket used in a shop,basket,carry basket,store basket,She put apples in the ______.,A small ______ encourages people to buy more in shops.,她把苹果放进购物篮。,小购物篮会促使人们在店里买更多。
shout,v.,/ʃaʊt/,大声说；叫,to speak very loudly,yell,cry out,call out,Don't ______ in the library.,Crowds ______ when their team scores a goal.,别在图书馆大声喊。,球队进球时人群会大声欢呼。
shower,n.,/ˈʃaʊə/,淋浴,water sprayed from above to wash,rain shower,spray bath,wash,I took a quick ______.,Hotels should provide a clean ______ for every guest.,我很快冲了个澡。,酒店应为每位客人提供干净的淋浴。
sightseeing,n.,/ˈsaɪtˌsiːɪŋ/,观光,visiting interesting places,tourism,visiting,touring,We went ______ in Paris.,______ brings money to many historic cities.,我们在巴黎观光。,观光为许多历史名城带来收入。
similar,adj.,/ˈsɪmɪlə/,相像的；类似的,almost the same,alike,like,comparable,We have ______ ideas.,Cities face ______ problems such as traffic and housing.,我们有相似的主意。,城市面临相似的问题，如交通和住房。
spelling,n.,/ˈspɛlɪŋ/,拼写；拼法,the way a word is written,orthography,written form,lettering,Her ______ is very good.,Good ______ helps readers understand a text quickly.,她的拼写很好。,良好的拼写帮助读者快速理解文章。
straight away,phr.,/streɪt/ /əˈweɪ/,立即,at once; immediately,immediately,right now,at once,"Do it ______, please.","When a problem appears, we should act ______.",请马上做。,问题出现时，我们应立即行动。
student exchange trip,n.,/ˈstjuːdənt/ /ɪksˈʧeɪnʤ/ /trɪp/,学生交换旅行,a visit to study in another school,exchange visit,study trip,school exchange,He joined a ______ to Japan.,A ______ broadens a young person's view of the world.,他参加了去日本的交换生旅行。,交换生旅行拓宽年轻人的世界观。
switch off,phr.,/swɪʧ/ /ɒf/,关（点灯、机器等）,to turn off a machine,turn off,shut off,power down,Please ______ the light.,We should ______ devices before sleep for better rest.,请关掉灯。,睡前我们应关掉电子设备以获得更好休息。
take out the bins,phr.,/teɪk/ /aʊt/ /ðə/ /bɪnz/,倒垃圾,to remove rubbish for collection,put out the rubbish,take out trash,empty the bins,I ______ every evening.,Sharing chores like ______ teaches responsibility at home.,我每天晚上倒垃圾。,分担像倒垃圾这样的家务能培养家庭责任感。
teenager,n.,/ˈtiːnˌeɪʤə/,（13至19岁）青少年,a person aged 13 to 19,youth,adolescent,young person,My sister is a ______.,A ______ needs both study and time to relax.,我妹妹是个青少年。,青少年既需要学习也需要放松时间。
term,n.,/tɜːm/,学期,a period of school or university,semester,session,period,The new ______ starts in September.,Each ______ ends with busy exams for students.,新学期九月开始。,每学期以学生忙碌的考试结束。
tidy,adj.,/ˈtaɪdi/,使整洁；使整齐,neat and clean,neat,orderly,clean,Her room is very ______.,A ______ desk helps students focus on their work.,她的房间很整洁。,整洁的书桌帮助学生专注学习。
tidy up,phr.,/ˈtaɪdi/ /ʌp/,收拾妥；整理好,to make a place neat,clean up,put in order,straighten,Please ______ your desk.,Children should ______ after playing at home.,请整理好你的书桌。,孩子在家玩完后应收拾整齐。
tip,n.,/tɪp/,指点；实用的提示,a helpful piece of advice,hint,suggestion,piece of advice,Here is a useful ______.,A good ______ can help learners study more efficiently.,这里有一个有用的小窍门。,好的窍门能帮助学习者更高效地学习。
topic,n.,/ˈtɒpɪk/,话题,a subject to talk or write about,subject,theme,issue,Today's ______ is health.,Choosing the right ______ keeps a discussion lively.,今天的话题是健康。,选对话题能让讨论更活跃。
town,n.,/taʊn/,镇；市镇,a place bigger than a village,small city,municipality,settlement,This ______ is very quiet.,A small ______ can offer a safer life than a big city.,这个小镇很安静。,小城镇能提供比大城市更安全的生活。
unless,conj.,/ənˈlɛs/,除非,except if,if not,except if,without,We will go ______ it rains.,Public transport fails ______ the city plans it well.,除非下雨否则我们就去。,除非城市规划得好，否则公共交通会失灵。
volunteer,n.,/ˌvɒlənˈtɪə/,志愿者,a person who works for free,helper,unpaid worker,citizen aide,He is a ______ at the library.,______ work builds a stronger community for everyone.,他是图书馆的志愿者。,志愿工作为所有人建立更强的社区。
wake,v.,/weɪk/,醒来,to stop sleeping,awaken,get up,rouse,The noise made me ______.,A loud alarm can ______ a person who sleeps deeply.,噪音把我吵醒了。,响亮的闹钟能叫醒睡得很沉的人。
wake up,phr.,/weɪk/ /ʌp/,醒；醒来,to open your eyes and stop sleeping,get up,arise,awaken,I ______ at six.,Teenagers who ______ late often miss morning classes.,我六点醒来。,晚起的青少年常错过上午的课。
watch TV,phr.,/wɒʧ/ /tiːˈviː/,看电视,to look at television,view television,see TV,follow TV,We ______ after dinner.,Too much time to ______ can harm children's eyes.,我们晚饭后看电视。,过多看电视的时间会伤害孩子的眼睛。
website,n.,/ˈwɛbsaɪt/,网站,a place on the internet with pages,site,web page,online page,This ______ is very useful.,A good ______ helps students find learning materials.,这个网站很有用。,好的网站帮助学生找到学习资料。
wife,n.,/waɪf/,妻子,the woman a man is married to,spouse,partner,married woman,His ______ is a doctor.,A ______ and husband should share housework fairly.,他的妻子是医生。,夫妻应公平分担家务。
work as,phr.,/wɜːk/ /æz/,从事……工作,to have a job as something,serve as,act as,be employed as,She ______ a teacher in a school.,Many rural women ______ nurses when doctors are few.,她在一所学校当老师。,当医生稀缺时，许多农村女性从事护士工作。
furniture,n.,/ˈfɜːnɪʧə/,家具,things like chairs and tables in a room,furnishings,fittings,items,We bought new ______ for the flat.,Good ______ makes a small flat more comfortable.,我们给公寓买了新家具。,好的家具让小公寓更舒适。
accommodation,n.,/əˌkɒməˈdeɪʃən/,住处,a place to live or stay,lodging,housing,rooms,We need cheap ______.,High ______ costs push young people out of big cities.,我们需要便宜的住处。,高昂的住宿成本把年轻人挤出大城市。
address,n.,/əˈdrɛs/,地址,the details of where you live,location,residence,home,What is your email ______?,A clear ______ helps emergency services reach people fast.,你的电子邮箱地址是什么？,清晰的地址有助于急救服务快速到达。
advice,n.,/ədˈvaɪs/,建议,opinions about what to do,suggestion,guidance,tip,He gave me good ______.,Parents should give ______ that fits a child's age.,他给了我好建议。,父母应给出适合孩子年龄的建议。
after dark,phr.,/ˈɑːftə/ /dɑːk/,天黑后；黄昏后,after the sun sets,at night,when dark,after sunset,Don't go out ______.,Cities should light streets well ______ for safety.,天黑后别出去。,城市应在天黑后把街道照亮以保障安全。
agency,n.,/ˈeɪʤənsi/,中介,a business that provides a service,office,firm,bureau,She works for a travel ______.,A job ______ helps people find work in new cities.,她在一家旅行社工作。,职业介绍所帮助人们在陌生城市找到工作。
agent,n.,/ˈeɪʤənt/,代理人，代理商,a person who acts for a company,representative,broker,delegate,The ______ sold us the ticket.,A travel ______ can save tourists time and money.,代理人卖给我们票。,旅行代理能替游客节省时间和金钱。
alarm,n.,/əˈlɑːm/,闹钟,a sound that warns you,warning,bell,alert,The ______ woke me up.,A fire ______ in a school must be tested often.,闹钟把我吵醒了。,学校的火警警报必须经常测试。
although,conj.,/ɔːlˈðəʊ/,虽然；尽管,despite the fact that,though,even though,while,"______ it rained, we went out.","______ cities are busy, many people still feel lonely.",虽然下雨了，我们还是出去了。,尽管城市喧嚣，许多人仍感到孤独。
apartment,n.,/əˈpɑːtmənt/,公寓,a set of rooms to live in,flat,unit,suite,They rent a small ______.,A cheap ______ is hard to find near city centres.,他们租了一套小公寓。,在市中心附近很难找到便宜的公寓。
apartment block,n.,/əˈpɑːtmənt/ /blɒk/,公寓楼,a building with many flats,block of flats,housing block,residential building,He lives in a tall ______.,Old ______ can be rebuilt to save energy.,他住在一栋高高的公寓楼里。,老旧公寓楼可重建以节省能源。
attic,n.,/ˈætɪk/,阁楼,a space under the roof,loft,roof space,top room,We store boxes in the ______.,A warm ______ can be a good study corner.,我们把箱子存放在阁楼。,温暖的阁楼可以是很好的学习角落。
basement,n.,/ˈbeɪsmənt/,地下室,a floor below ground level,cellar,lower floor,underground room,The washing machine is in the ______.,A dry ______ keeps books safe from damp.,洗衣机在地下室。,干燥的地下室能让书免受潮湿。
bath,n.,/bɑːθ/,浴缸,a wash of the whole body in water,wash,soak,tub bath,I take a ______ every night.,A warm ______ helps old people relax before sleep.,我每晚泡个澡。,温水澡帮助老人在睡前放松。
blind,n.,/blaɪnd/,瞎的；失明的,a cover pulled over a window,shade,window cover,screen,"Close the ______, please.",Soft ______ keep a room cool in hot summers.,请把百叶窗拉上。,柔软的遮光帘能在炎夏让房间凉爽。
broadband,n.,/ˈbrɔːdˌbænd/,宽带,fast connection to the internet,high-speed internet,fast connection,web access,We have ______ at home.,Rural areas need ______ to close the education gap.,我们家有宽带。,农村地区需要宽带以缩小教育差距。
campus,n.,/ˈkæmpəs/,（大学）校区,the grounds of a school or university,school grounds,university area,college site,The ______ is very large.,A safe ______ encourages students to walk and talk.,校园非常大。,安全的校园鼓励学生走动交流。
capital letter,n.,/ˈkæpɪtəl/ /ˈlɛtə/,大写字母,the big form of a letter (A not a),upper-case letter,big letter,majuscule,Write the name in a ______.,Using a ______ at the start of a sentence is a basic rule.,用大写字母写这个名字。,句首使用大写字母是基本规则。
cater,v.,/ˈkeɪtə/,提供饮食,to provide food for an event,provide food,supply meals,serve,They ______ for birthday parties.,Schools should ______ for students with special diets.,他们为生日派对供餐。,学校应为有特殊饮食的学生供餐。
celebrate,v.,/ˈsɛləbreɪt/,庆祝；庆贺,to mark a special event with joy,honour,commend,observe,We ______ her birthday together.,Festivals let cities ______ their own culture.,我们一起庆祝她的生日。,节日让城市庆祝自己的文化。
chance,n.,/ʧɑːns/,机会；机遇,a possibility or opportunity,opportunity,possibility,luck,I have a ______ to win.,Every child should have a ______ to study.,我有机会赢。,每个孩子都应有学习的机会。
choice,n.,/ʧɔɪs/,选择；抉择,the act of choosing; an option,option,selection,decision,You have a ______ to make.,Free ______ of school helps families find the best fit.,你需要做一个选择。,自由择校帮助家庭找到最合适的学校。
choose,v.,/ʧuːz/,选择；挑选,to pick one from many,select,pick,decide on,I ______ the red one.,Young people should ______ friends who help them grow.,我选了红色的那个。,年轻人应选择助其成长的朋友。
circle,n.,/ˈsɜːkəl/,环行,a round shape with no end,ring,round,loop,Draw a ______ on the paper.,The ______ is a common symbol in many cultures.,在纸上画一个圆。,圆形在许多文化中都是常见符号。
comfortable,adj.,/ˈkʌmfətəbəl/,使人舒服的；舒适的,pleasant to sit in or be in,cosy,relaxed,snug,This chair is very ______.,A ______ home improves a family's quality of life.,这把椅子很舒服。,舒适的家提升家庭生活质量。
company,n.,/ˈkʌmpəni/,公司,a business that sells things,firm,business,corporation,He works for a big ______.,A green ______ can lead change in its industry.,他在一家大公司工作。,绿色公司能引领行业变革。
connect,v.,/kəˈnɛkt/,（使）连接,to join or link two things,link,join,attach,Please ______ the cable to the TV.,Fast trains ______ cities and save travel time.,请把线缆连到电视上。,高铁连接城市并节省出行时间。
conversation,n.,/ˌkɒnvəˈseɪʃən/,谈话,a talk between two or more people,talk,chat,discussion,We had a long ______.,Open ______ at home builds trust between parents and children.,我们进行了长谈。,家庭中的开放对话建立亲子信任。
cooker,n.,/ˈkʊkə/,厨灶；炉具,a machine used for cooking food,stove,oven,kitchen appliance,The ______ is broken.,A clean ______ keeps a kitchen safe and healthy.,灶具坏了。,干净的灶具保障厨房安全卫生。
correctly,adv.,/kəˈrɛktli/,准确无误地；正确地,in the right way,rightly,properly,accurately,Please answer the question ______.,Data must be read ______ before any conclusion.,请正确回答这个问题。,在得出结论前必须正确读取数据。
course,n.,/kɔːs/,课程,a set of lessons on a subject,class,lesson series,programme,I take a cooking ______.,A short ______ can teach adults a new skill.,我上烹饪课。,短期课程能教成年人一项新技能。
cover,v.,/ˈkʌvə/,盖；覆盖,to put something over a surface,protect,wrap,shield,"______ the food, please.",Trees ______ the hills and stop soil from washing away.,请把食物盖上。,树木覆盖山丘，防止土壤流失。
curtain,n.,/ˈkɜːtən/,窗帘,cloth hung to cover a window,drape,blind,window cloth,Open the ______ to let in light.,Thick ______ keep a room warm in winter.,拉开窗帘让光进来。,厚窗帘能在冬天让房间保暖。
dark,adj.,/dɑːk/,褐色的；乌黑的,with little or no light,dim,unlit,black,The room is too ______.,A ______ street at night can be unsafe for walkers.,房间太暗了。,夜晚黑暗的街道对行人可能不安全。
definitely,adv.,/ˈdɛfɪnətli/,肯定,without any doubt,certainly,surely,clearly,I will ______ come to the party.,Cities ______ need more green spaces for health.,我一定会来参加派对。,城市一定需要更多绿地来保障健康。
detached house,n.,/dɪˈtæʧt/ /haʊs/,独幢房,a house not joined to others,standalone house,separate house,free-standing house,They live in a ______.,A ______ gives a family more quiet and privacy.,他们住在一栋独立屋。,独立屋给家庭更多安静与隐私。
difference,n.,/ˈdɪfərəns/,差别；差异,how two things are not the same,contrast,gap,variation,What is the ______ between them?,Income ______ within a city can cause social tension.,它们之间有什么区别？,城市内的收入差距会引发社会紧张。
double,adj.,/ˈdʌbəl/,（使）加倍,twice as much or two of something,twofold,twin,paired,We need a ______ room.,The ______ burden of work and family stresses many women.,我们需要一间双人房。,工作与家庭双重负担让许多女性承压。
downstairs,adv.,/ˌdaʊnˈsteəz/,往楼下,on a lower floor of a building,below,on the lower floor,down,He went ______ to open the door.,Children should play ______ where parents can see them.,他下楼去开门。,孩子应在父母能看见的楼下玩耍。
drawer,n.,/drɔː/,抽屉,a box that slides in and out of furniture,tray,compartment,box,Put the pens in the ______.,A tidy ______ saves time when you study.,把笔放进抽屉。,整洁的抽屉能节省学习时间。
else,adv.,/ɛls/,其他的；别的,in addition; different,otherwise,differently,more,What ______ can we do?,"If nothing ______ works, ask a teacher for help.",我们还能做什么别的？,如果没有别的办法，就向老师求助。
email,n.,/ˈiːmeɪl/,邮件,a message sent by computer,e-mail,message,letter,Send me an ______ with the file.,______ lets students contact teachers after class.,把文件用电子邮件发给我。,电子邮件让学生课后联系老师。
engineering,n.,/ˌɛnʤɪˈnɪərɪŋ/,工程学,the work of building machines and structures,technology,design,construction,He studies ______ at university.,Good ______ solves problems like clean water supply.,他在大学学工程学。,好的工程学解决如清洁供水等问题。
enough,adj.,/ɪˈnʌf/,充分,as much as needed,sufficient,plenty,adequate,We have ______ time to finish.,Not ______ homes means some families live in poor conditions.,我们有足够的时间完成。,住房不足意味着一些家庭居住在恶劣环境中。
flat,n.,/flæt/,平滑的,"a set of rooms to live in, in a building",apartment,unit,suite,They rent a small ______ near school.,A cheap ______ helps students live close to campus.,他们在学校附近租了小公寓。,便宜的公寓帮助学生住得离校园近。
freezer,n.,/ˈfriːzə/,冰柜,a cold box that keeps food frozen,fridge-freezer,cold store,icebox,Put the meat in the ______.,A home ______ reduces food waste from cooking.,把肉放进冷冻室。,家用冷冻柜减少做饭产生的食物浪费。
fridge,n.,/frɪʤ/,冰箱,a cold box that keeps food fresh,refrigerator,cooler,icebox,The ______ is empty today.,A shared ______ in a flat needs clear rules.,冰箱今天空了。,合租屋里的共用冰箱需要明确规则。
garage,n.,/ˈɡærɑːʒ/,车库,a room or building for keeping a car,carport,car shed,parking bay,He washes the car in the ______.,A safe ______ lowers the risk of car theft.,他在车库洗车。,安全的车库降低车辆被盗风险。
garden,n.,/ˈɡɑːdən/,花园,land with plants near a house,yard,backyard,green space,We sit in the ______ after dinner.,A small ______ teaches children where food comes from.,我们饭后坐在花园里。,小花园教孩子食物从何而来。
ground floor,n.,/ɡraʊnd/ /flɔː/,底层,the first level of a building,first floor,bottom floor,entry level,The shop is on the ______.,A step-free ______ helps older people enter easily.,商店在一楼。,无台阶的一楼方便老人进出。
hallway,n.,/ˈhɔːlweɪ/,走廊,a passage inside a building,corridor,passage,entrance hall,Leave your shoes in the ______.,A bright ______ makes a school feel welcome.,把鞋放在走廊。,明亮的走廊让学校显得亲切。
homeowner,n.,/ˈhəʊmˌəʊnə/,房主,a person who owns their home,house owner,property owner,resident,He is a ______ with a small flat.,A young ______ often faces a high loan.,他是有小公寓的房主。,年轻房主常面临高额贷款。
housemate,n.,/ˈhaʊsmeɪt/,室友，合住的人,a person you share a home with,flatmate,roommate,cohabiter,My ______ cooks dinner on Fridays.,A good ______ makes shared rent easier to bear.,我的室友周五做晚饭。,好室友让合租更容易承受。
imagine,v.,/ɪˈmæʤɪn/,想象；设想,to form a picture in your mind,picture,visualise,dream,Can you ______ a car without a driver?,It is hard to ______ life without the internet.,你能想象一辆没有司机的车吗？,很难想象没有互联网的生活。
in private,phr.,/ɪn/ /ˈpraɪvət/,非公开的，私下的,alone or away from others,privately,alone,in secret,Let's talk ______ about this.,Some news is best shared ______ with family.,我们私下谈谈这件事吧。,有些消息最好与家人私下分享。
include,v.,/ɪnˈkluːd/,包括；包含,to have something as a part,contain,comprise,involve,The price ______ the ticket.,Plans should ______ people with disabilities.,价格包含门票。,计划应把残障人士包含在内。
item,n.,/ˈaɪtəm/,一件商品（或物品）,a single thing,thing,object,article,This ______ is on sale.,Every ______ in a shop must show a clear price.,这件商品在打折。,商店里每件商品都必须标明清晰价格。
kitchen,n.,/ˈkɪʧən/,厨房,a room used for cooking,cooking area,cookhouse,galley,The ______ is small but clean.,A safe ______ prevents burns for young children.,厨房很小但很干净。,安全的厨房防止幼儿烫伤。
later,adv.,/ˈleɪtə/,以后；后来,after some time has passed,afterwards,then,subsequently,See you ______ this evening.,Children who read more learn more ______ in life.,今晚晚些见。,阅读更多的孩子日后在生活中学到更多。
lecture hall,n.,/ˈlɛkʧə/ /hɔːl/,演讲厅,a large room for talks,auditorium,classroom,theatre,The talk is in the ______.,A full ______ shows strong interest in the topic.,演讲在大礼堂。,满座的大礼堂显示对该话题的浓厚兴趣。
lecturer,n.,/ˈlɛkʧərə/,讲师,a teacher at a university,instructor,professor,teacher,The ______ explained the chart.,A good ______ makes hard ideas simple.,讲师讲解了图表。,好的讲师把难懂的概念讲简单。
letter,n.,/ˈlɛtə/,字母,a written message on paper,note,message,mail,I got a ______ from my friend.,A thank-you ______ teaches children good manners.,我收到朋友的一封信。,感谢信教孩子良好的礼貌。
list,n.,/lɪst/,名单; 目录,words written one below another,catalogue,roll,register,Make a ______ of what to buy.,A clear ______ helps shoppers avoid waste.,列一张要买的东西的清单。,清晰的清单帮助购物者避免浪费。
living room,n.,/ˈlɪvɪŋ/ /ruːm/,卧室,a room to sit and relax in,sitting room,lounge,front room,We watch TV in the ______.,A tidy ______ helps a family feel calm.,我们在客厅看电视。,整洁的客厅让家庭感到平静。
location,n.,/ləʊˈkeɪʃən/,位置,a place or position,place,site,position,The ______ of the school is good.,A school's ______ affects how safe children feel.,学校的位置很好。,学校的位置影响孩子的安全感。
main,adj.,/meɪn/,主要的,most important,chief,major,primary,The ______ reason is the cost.,The ______ cause of illness is often poor air.,主要原因是费用。,疾病的主因常是糟糕的空气。
matter,n.,/ˈmætə/,问题,a subject or problem,issue,topic,affair,It is a private ______.,Traffic is a daily ______ for most big cities.,这是私事。,交通是大多数大城市的日常问题。
mention,v.,/ˈmɛnʃən/,提到；说到,to speak about something briefly,say,note,refer to,He didn't ______ the price.,Reports should ______ both good and bad news.,他没提到价格。,报道应同时提及好消息与坏消息。
messy,adj.,/ˈmɛsi/,杂乱的,not tidy or clean,untidy,dirty,disordered,His desk is very ______.,A ______ room can make study harder.,他的书桌很乱。,凌乱的房间会让学习更困难。
Monday,n.,/ˈmʌndeɪ/,星期一,the first day of the working week,the first weekday,start of week,weekday,We meet on ______ morning.,Many people feel tired on ______ after a weekend.,我们周一上午见面。,许多人在周末后的周一感到疲惫。
nervous,adj.,/ˈnɜːvəs/,紧张的,worried or afraid,anxious,uneasy,tense,I feel ______ before big tests.,Some students are ______ about speaking in class.,大考之前我感到紧张。,一些学生在课堂上发言会紧张。
notes,n.,/nəʊts/,笔记（复数）,short written points to remember,jottings,memos,records,Read my ______ before the exam.,Good ______ help students review faster.,考前读一下我的笔记。,好笔记帮助学生更快复习。
number,n.,/ˈnʌmbə/,数字,a sign used for counting,figure,digit,amount,What is your phone ______?,A small ______ of students finish homework on time.,你的电话号码是多少？,少数学生能按时完成作业。
of course,phr.,/ɒv/ /kɔːs/,当然,"yes, certainly; naturally",certainly,surely,naturally,"______, I will help you.","______, clean air is important for every city.",当然，我会帮你。,当然，清洁空气对每个城市都很重要。
office,n.,/ˈɒfɪs/,办事处,a place to work at a desk,workplace,desk area,study,She works in an ______.,A clean ______ helps people focus and meet clients well.,她在办公室工作。,整洁的办公室有助于人们专注并接待好客户。
opinion,n.,/əˈpɪnjən/,意见；想法,what you think about something,view,belief,thought,"In my ______, reading is useful.",Public ______ on the environment is changing fast.,依我看，阅读很有用。,公众对环境的看法正在迅速改变。
organise,v.,/ˈɔːɡənaɪz/,组织,to plan and arrange things,arrange,plan,order,We ______ a party for her.,Cities must ______ transport to reduce traffic jams.,我们为她组织了派对。,城市必须组织交通以减少拥堵。
organize,v.,/ˈɔːɡənaɪz/,组织；筹备,to plan and arrange things (US spelling),arrange,plan,order,We ______ a party for him.,Schools should ______ trips that teach real skills.,我们为他组织了派对。,学校应组织能传授真正技能的出游。
outside,adv.,/ˌaʊtˈsaɪd/,在……外面,not inside; out of doors,outdoors,out,externally,Let's play ______ in the sun.,Children who play ______ often feel happier.,我们到户外阳光下玩吧。,常在户外玩耍的孩子往往更快乐。
oven,n.,/ˈʌvən/,烤箱,a box that heats food to cook it,stove,cooker,roaster,Put the cake in the ______.,A clean ______ keeps a kitchen safe for the family.,把蛋糕放进烤箱。,干净的烤箱保障家人厨房安全。
pack,v.,/pæk/,（把...）打包,to put things into a bag,fill,cram,box up,I ______ my bag for the trip.,Families ______ light to travel more easily.,我为旅行收拾行李。,家庭轻装出行能更轻松旅行。
personality,n.,/ˌpɜːsənˈæləti/,个性,the kind of person you are,character,nature,temperament,She has a warm ______.,A strong ______ helps a leader win trust.,她性格温和。,坚强的性格帮助领导者赢得信任。
pillow,n.,/ˈpɪləʊ/,枕头,a soft thing to rest your head on,cushion,headrest,bolster,I need a ______ for the bed.,A good ______ improves the quality of sleep.,我需要个枕头放在床上。,好枕头提升睡眠质量。
poster,n.,/ˈpəʊstə/,海报,a big picture put on a wall,bill,placard,notice,He put a ______ on the wall.,A clear ______ tells people about a school event.,他把一张海报贴在墙上。,清晰的海报告知人们学校活动。
prefer to,phr.,/prɪˈfɜː/ /tuː/,更喜欢,to like one thing more than another,would rather,like better,choose to,I ______ read books at home.,Many students ______ to study with friends.,我更喜欢在家看书。,许多学生更喜欢和朋友一起学习。
private,adj.,/ˈpraɪvət/,私人的,"for one person only, not public",personal,own,secret,This is my ______ room.,A ______ life is important for mental health.,这是我的私人房间。,私人生活对心理健康很重要。
provide,v.,/prəˈvaɪd/,提供；供应,to give what is needed,supply,offer,give,Schools ______ meals for students.,Governments should ______ clean water for all.,学校为学生提供餐食。,政府应为所有人提供清洁用水。
quiet,adj.,/ˈkwaɪət/,安静的,with little or no noise,silent,calm,peaceful,The library is ______ and calm.,A ______ street is safer for young children.,图书馆安静而平和。,安静的街道对幼儿更安全。
reason,n.,/ˈriːzən/,原因；理由,why something happens,cause,why,explanation,What is the ______ for the delay?,The main ______ for lateness is heavy traffic.,延误的原因是什么？,迟到的主要原因是拥堵的交通。
reply,v.,/rɪˈplaɪ/,回答,to answer someone,answer,respond,retort,Please ______ to my email.,A quick ______ shows good manners in business.,请回复我的邮件。,及时回复体现职场良好素养。
rest,n.,/rɛst/,剩余部分,a break from work or activity,break,relax,pause,Let's take a ______ now.,Workers need a ______ to stay productive.,我们休息一下吧。,工人需要休息以保持效率。
Saturday,n.,/ˈsætədeɪ/,星期六,the day after Friday,the weekend day,rest day,weekend,We play football on ______.,Many families shop together on ______.,我们周六踢足球。,许多家庭在周六一起购物。
sheet,n.,/ʃiːt/,床单,cloth used on a bed,bed sheet,cover,liner,Put a clean ______ on the bed.,Fresh ______ help people sleep well at night.,在床上铺一张干净的床单。,干净的床单帮助人们夜间安睡。
single,adj.,/ˈsɪŋɡəl/,单个的,only one; not double,sole,only,one,I have a ______ ticket.,A ______ child often gets more attention at home.,我有一张单程票。,独生子女常在家中得到更多关注。
sink,n.,/sɪŋk/,洗涤池,a bowl fixed for washing,basin,washbowl,drain,Wash the cup in the ______.,A blocked ______ wastes water and time.,在水槽里洗杯子。,堵塞的水槽浪费水和时间。
sociable,adj.,/ˈsəʊʃəbəl/,好交际的,liking to meet and talk to people,friendly,outgoing,social,She is very ______ at parties.,A ______ child makes friends more easily.,她在聚会上很爱交际。,爱交际的孩子更容易交朋友。
sofa,n.,/ˈsəʊfə/,长沙发,a long soft seat for two or more,couch,settee,lounge,Sit on the ______ and relax.,A small ______ fits a tiny flat better.,坐在沙发上放松。,小沙发更适合小公寓。
status,n.,/ˈsteɪtəs/,身份,your position or state,position,state,standing,What is your job ______?,Social ______ matters less than real skills.,你的职业状态是什么？,社会地位不如真正的能力重要。
study,v.,/ˈstʌdi/,书房,to learn by reading or practice,learn,read,revise,I ______ English every day.,Students who ______ abroad learn new cultures.,我每天学英语。,出国留学的学生了解新文化。
superfast,adj.,/ˌsuːpəˈfɑːst/,超级快的,very fast,high-speed,rapid,quick,We have ______ internet at home.,______ trains connect cities in hours.,我们家有超快的网络。,高铁在数小时内连接城市。
sure,adj.,/ʃɔː/,确信；肯定,certain; without doubt,certain,confident,positive,Are you ______ about the time?,Be ______ of facts before you share news.,你确定时间吗？,在分享消息前要确定事实。
terraced house,n.,/ˈtɛrəst/ /haʊs/,排屋,a house joined in a row of others,row house,town house,linked house,They live in a ______.,Old ______ can be kept to save city land.,他们住在一栋联排屋。,保留老旧联排屋能节省城市土地。
through,prep.,/θruː/,自始至终；从头到尾,from one side to the other,across,via,past,We walked ______ the park.,A new road goes ______ the whole city.,我们穿过公园。,一条新路贯穿整座城市。
tick,v.,/tɪk/,标记号；打上钩,to mark with a small check,check,mark,note,"______ the right box, please.",Teachers ______ correct answers in red.,请在正确的方框打勾。,老师用红笔勾出正确答案。
together,adv.,/təˈɡɛðə/,一起,with each other,jointly,as one,with,We did the work ______.,Families that eat ______ are often closer.,我们一起完成了工作。,一起吃饭的家庭往往更亲密。
total,adj.,/ˈtəʊtəl/,总额；合计,the whole amount; complete,whole,full,complete,What is the ______ cost?,The ______ number of students affects class size.,总费用是多少？,学生总数影响班级规模。
until,conj.,/ənˈtɪl/,到；直到…,up to the time when,till,up to,before,Wait ______ I come back.,Cities should plan transport ______ late at night.,等到我回来。,城市应规划到深夜的交通。
wardrobe,n.,/ˈwɔːdrəʊb/,衣柜,a tall cupboard for clothes,closet,clothes cupboard,dresser,Hang the coat in the ______.,A small ______ suits a student's room.,把外套挂在衣柜里。,小衣柜适合学生房间。
weekday,n.,/ˈwiːkdeɪ/,周中（对比周末）,a day from Monday to Friday,working day,school day,business day,I work on a ______.,A short ______ helps students avoid stress.,我在工作日工作。,短工作日帮助学生减少压力。
weekend,n.,/ˌwiːkˈɛnd/,周末,Saturday and Sunday,rest days,off days,break,We relax at the ______.,A busy ______ can tire both parents and children.,我们在周末放松。,繁忙的周末会让父母和孩子都疲惫。
well,adv.,/wɛl/,井；水井,in a good way,nicely,properly,goodly,She speaks English ______.,A city that plans ______ serves its people better.,她英语说得很好。,规划良好的城市更好地服务民众。
what else,phr.,/wɒt/ /ɛls/,有什么别的,what other thing,what more,anything else,what next,______ do you need for the trip?,"If grades fall, ______ can parents do?",旅行你还需要什么别的？,若成绩下滑，家长还能做什么？
while,conj.,/waɪl/,在间；当…候,during the time that,as,when,whereas,"______ I read, he slept.","______ cities grow, villages often lose young people.",我读书时他睡着了。,城市发展的同时，乡村常流失年轻人。
window,n.,/ˈwɪndəʊ/,窗户,an opening with glass in a wall,pane,casement,opening,Open the ______ for fresh air.,Big ______ let sunlight into a classroom.,打开窗户透透气。,大窗户让阳光照进教室。
apologize,v.,/əˈpɒləʤaɪz/,道歉,to say sorry for a mistake,say sorry,beg pardon,apologise,I must ______ for being late.,A leader should ______ when a plan goes wrong.,我必须为迟到道歉。,计划出错时领导者应道歉。
active,adj.,/ˈæktɪv/,活跃的,busy and moving a lot,lively,energetic,busy,He is a very ______ child.,An ______ lifestyle prevents many health problems.,他是个很活泼的孩子。,积极的生活方式预防许多健康问题。
add,v.,/æd/,增加；添加,to put more with something,put in,include,join,______ some sugar to the tea.,Cities should ______ more parks for children.,往茶里加点糖。,城市应为孩子增设更多公园。
adventure,n.,/ədˈvɛnʧə/,冒险；奇遇,an exciting trip or event,exploit,journey,experience,We had an ______ in the mountains.,Travel gives young people a sense of ______.,我们在山里经历了一次冒险。,旅行给年轻人冒险的感觉。
against,prep.,/əˈɡɛnst/,反对,opposite to; not in favour of,opposite,versus,counter to,He played ______ our team.,Many people are ______ wasting food.,他和我们队对打。,许多人反对浪费食物。
alone,adj.,/əˈləʊn/,独自,with no one else,by oneself,solo,lonely,She lives ______ in a small flat.,Old people who live ______ need more care.,她独自住在小公寓里。,独居老人需要更多关怀。
August,n.,/ˈɔːɡəst/,八月,the eighth month of the year,summer month,the eighth month,holiday month,School starts in ______.,______ is a popular month for family trips.,学校八月开学。,八月是家庭出游的热门月份。
available,adj.,/əˈveɪləbəl/,可用的；可获得的,able to be used or got,free,ready,obtainable,Is the book ______ in the library?,Public data should be ______ to all.,这本书图书馆有吗？,公共数据应人人可获取。
bat,n.,/bæt/,球棒；球拍；球板,a stick to hit a ball,club,stick,racket,He swung the ______ at the ball.,A broken ______ can end a player's turn.,他用球棒击球。,断掉的球棒会终结球员的一轮。
become,v.,/bɪˈkʌm/,开始变得；变成,to start to be something,turn into,grow to be,get to be,She wants to ______ a doctor.,Cities ______ crowded as more people arrive.,她想成为一名医生。,随着人口涌入，城市变得拥挤。
book,n.,/bʊk/,预订,pages bound together to read,volume,text,publication,I read a good ______ about space.,A ______ opens a window to other cultures.,我读了一本关于太空的好书。,书是了解其他文化的窗口。
boring,adj.,/ˈbɔːrɪŋ/,无趣的,not interesting,dull,tedious,uninteresting,The long film was ______.,A ______ class makes students lose focus.,那部长电影很无聊。,枯燥的课让学生失去专注。
bowling,n.,/ˈbəʊlɪŋ/,保龄球,a game of rolling a ball at pins,ten-pin,skittles,rolling game,We went ______ on Friday.,______ is a fun way to relax after exams.,我们周五去打保龄球。,保龄球是考后放松的好方式。
burger,n.,/ˈbɜːɡə/,汉堡包,a round sandwich with a meat filling,hamburger,sandwich,patty,I ate a ______ for lunch.,A cheap ______ is a quick meal for students.,我午餐吃了一个汉堡。,便宜的汉堡是学生快捷的一餐。
canoeing,n.,/kəˈnuːɪŋ/,划独木舟,the sport of using a small boat,kayaking,rowing,boating,We enjoyed ______ on the lake.,______ teaches young people to work as a team.,我们很喜欢在湖上划独木舟。,划独木舟教年轻人团队合作。
chocolate,n.,/ˈʧɒklət/,巧克力,a sweet brown food made from cocoa,cocoa,treat,sweet,I love ______ after dinner.,Too much ______ is bad for children's teeth.,我喜欢饭后吃巧克力。,过多巧克力有害孩子的牙齿。
climb,v.,/klaɪm/,攀登；攀爬,to go up using hands and feet,scale,ascend,go up,They ______ the hill near school.,Some animals ______ trees to find food.,他们爬上学校附近的小山。,一些动物爬树寻找食物。
coach,n.,/kəʊʧ/,长途汽车；教练,a person who trains a team,trainer,instructor,teacher,The ______ helped the team win.,A good ______ builds both skill and character.,教练帮助球队获胜。,好教练培养技能与品格。
copy,v.,/ˈkɒpi/,抄写；誊写,to write or make the same as,duplicate,reproduce,imitate,Please ______ the text into your book.,Students should not ______ in exams.,请把这段文字抄进你的书。,学生考试不应抄袭。
cricket,n.,/ˈkrɪkɪt/,板球,a game played with a bat and ball,bat-and-ball game,sport,test match,He plays ______ for the school.,______ is followed by millions in some countries.,他代表学校打板球。,在一些国家，板球有数百万粉丝。
cycling,n.,/ˈsaɪklɪŋ/,骑自行车,the sport of riding a bicycle,biking,bicycle riding,pedalling,______ is good for your health.,Safe ______ needs clear bike lanes in cities.,骑自行车对健康有益。,安全的骑行需要城市里有清晰的自行车道。
danger,n.,/ˈdeɪnʤə/,危险；风险,a risk of harm or death,risk,peril,hazard,There is ______ on the busy road.,Climate change is a ______ to coastal cities.,繁忙的马路有危险。,气候变化对沿海城市是威胁。
date,n.,/deɪt/,日期,a particular day of the month,day,time,appointment,What is the ______ today?,The ______ of an exam affects how we plan.,今天几号？,考试日期影响我们的计划。
dream,n.,/driːm/,梦想,a wish or hope for the future,hope,wish,vision,It is my ______ to travel far.,A clear ______ motivates a young person to study.,去远方旅行是我的梦想。,清晰的梦想激励年轻人学习。
east,n.,/iːst/,东；东方,the direction where the sun rises,eastward,orient,dawn side,The sun rises in the ______.,Wind from the ______ brings rain to this region.,太阳从东方升起。,东风给这个地区带来雨水。
entertainment,n.,/ˌɛntəˈteɪnmənt/,娱乐活动,things that amuse or interest people,fun,amusement,show,Films are a form of ______.,Cheap ______ helps a city's people relax.,电影是一种娱乐形式。,便宜的娱乐帮助城市居民放松。
entrance,n.,/ˈɛntrəns/,入口,a door or way into a place,door,gate,way in,The ______ is on the left.,A clear ______ helps visitors find their way.,入口在左边。,清晰的入口帮助访客找到路。
equipment,n.,/ɪˈkwɪpmənt/,设备；器材,things needed for an activity,gear,kit,tools,We bought sports ______ for school.,Good ______ improves safety in a lab.,我们为学校买了运动器材。,好器材提升实验室安全。
exhausted,adj.,/ɪɡˈzɔːstɪd/,（人）精疲力竭的,very tired,tired out,drained,weary,I was ______ after the long run.,Overwork leaves many parents ______.,长跑后我筋疲力尽。,过度工作让许多父母筋疲力尽。
fantastic,adj.,/fænˈtæstɪk/,极好的；了不起的,very good; wonderful,wonderful,great,excellent,The school trip was ______.,A ______ result encourages students to try more.,学校旅行棒极了。,出色的成果鼓励学生尝试更多。
film festival,n.,/fɪlm/ /ˈfɛstɪvəl/,电影节,an event showing many films,movie festival,cinema event,screening event,We went to a ______ in the city.,A local ______ can boost a town's culture.,我们去了城里的一个电影节。,本地电影节能提升小镇文化。
find out,phr.,/faɪnd/ /aʊt/,了解（到）；弄清,to learn or discover something,discover,learn,realise,I want to ______ the truth.,Scientists ______ new facts through careful tests.,我想查明真相。,科学家通过细致实验发现新事实。
follow,v.,/ˈfɒləʊ/,按……方式发展,to go after or obey,chase,pursue,come after,______ the path to the lake.,Young people should ______ the rules of the road.,沿着小路走到湖边。,年轻人应遵守道路规则。
forest,n.,/ˈfɒrɪst/,森林,land covered with many trees,woods,woodland,trees,We walked in the ______.,A ______ cleans the air of a whole region.,我们在森林里散步。,森林净化整个地区的空气。
geography,n.,/ʤiˈɒɡrəfi/,地理（学）,the study of the earth and places,earth study,maps,land study,We learn ______ at school.,______ explains why cities grow where they do.,我们在学校学地理。,地理解释城市为何在某处发展。
guide,n.,/ɡaɪd/,指南；手册,a person who shows the way,leader,escort,instructor,The ______ showed us the old city.,A good ______ explains both facts and local life.,导游带我们看了古城。,好的导游既讲事实也讲当地生活。
gymnastics,n.,/ʤɪmˈnæstɪks/,体操,a sport of moving the body,acrobatics,floor exercise,tumbling,She loves ______ at the club.,______ builds balance and confidence in children.,她喜欢在俱乐部练体操。,体操培养孩子的平衡与自信。
handball,n.,/ˈhændbɔːl/,手球,a game played with a ball by hand,team sport,ball game,court game,We played ______ in PE class.,______ is popular in schools across Europe.,我们在体育课打手球。,手球在欧洲各校很受欢迎。
hang,v.,/hæŋ/,悬挂；吊,to fix something at the top so it falls,suspend,fix up,dangle,______ the picture on the wall.,Cities ______ lights to celebrate festivals.,把画挂在墙上。,城市挂灯庆祝节日。
hang out with sb,phr.,/hæŋ/ /aʊt/ /wɪð/ sb,和某人一起玩,to spend time with someone,spend time with,be with,chill with,I ______ my friends after school.,Teenagers who ______ good friends learn social skills.,放学后我和朋友一起玩。,和好朋友相处的青少年学到社交技巧。
hike,n.,/haɪk/,去足；做徒步旅行,a long walk in nature,walk,trek,ramble,We went for a ______ in the hills.,A short ______ helps people relax at weekends.,我们去山里远足。,短途徒步帮助人们在周末放松。
hiking,n.,/ˈhaɪkɪŋ/,远足,the activity of long walks outdoors,walking,trekking,rambling,______ is healthy and free.,______ brings cities closer to nature.,徒步既健康又免费。,徒步让城市更亲近自然。
hill,n.,/hɪl/,山丘；小山,land higher than the flat ground,slope,mound,rise,The ______ behind school is green.,Building on a ______ can risk soil loss.,学校后面的小山是绿色的。,在山坡上建房可能带来水土流失风险。
hockey,n.,/ˈhɒki/,曲棍球,a game played with sticks and a ball,stick game,field game,team sport,He plays ______ for the school.,______ teaches young people to work as a team.,他代表学校打曲棍球。,曲棍球教年轻人团队合作。
holiday,n.,/ˈhɒlədeɪ/,假期,a time off from work or school,vacation,break,time off,We went on ______ to the sea.,A long ______ helps a family reduce stress.,我们去海边度假。,长假帮助家庭减轻压力。
hometown,n.,/ˈhəʊmtaʊn/,家乡,the town you grew up in,home town,birthplace,native place,This small city is my ______.,People often miss the food of their ______.,这座小城是我的家乡。,人们常想念家乡的食物。
Icelandic,adj.,/aɪsˈlændɪk/,冰岛的,from or of Iceland,from Iceland,of Iceland,Iceland's,She speaks ______ with her father.,______ stories tell of ice and fire.,她和父亲说冰岛语。,冰岛的传说讲述冰与火。
India,n.,/ˈɪndiə/,印度,a large country in south Asia,the subcontinent,south Asian nation,Asian country,______ has many languages and foods.,______ shows how culture varies within one nation.,印度有许多语言与食物。,印度展示了一国之内文化的多样。
instruction,n.,/ɪnˈstrʌkʃən/,指示；命令,steps telling how to do something,direction,guide,order,Read the ______ before you start.,Clear ______ help users avoid mistakes.,开始前先读说明。,清晰的说明帮助用户避免错误。
judo,n.,/ˈʤuːdəʊ/,柔道,a sport of grappling and throws,martial art,wrestling sport,combat sport,He learns ______ twice a week.,"______ teaches control, not only strength.",他每周学两次柔道。,柔道教的是控制，不只是力量。
July,n.,/ʤʊˈlaɪ/,七月,the seventh month of the year,summer month,mid-year month,holiday month,We travel in ______ every year.,______ is the peak month for family trips.,我们每年七月去旅行。,七月是家庭出游的高峰月。
June,n.,/ʤuːn/,六月,the sixth month of the year,early summer month,mid-year month,summer month,School ends in ______.,______ marks the start of the long break.,学校六月放假。,六月标志长假的开始。
karate,n.,/kəˈrɑːti/,空手道,a sport of hitting with the hands,martial art,fighting sport,combat sport,She practises ______ at the gym.,______ builds focus and self-control.,她在健身房练空手道。,空手道培养专注与自控。
kick,v.,/kɪk/,踢；踹,to hit something with the foot,strike,boot,hit,He ______ the ball into the goal.,Children ______ a ball to learn balance.,他把球踢进球门。,孩子踢球来学习平衡。
laptop,n.,/ˈlæptɒp/,笔记本电脑,a small computer you can carry,notebook computer,portable computer,PC,I study on my ______.,A ______ lets students learn anywhere.,我用笔记本电脑学习。,笔记本电脑让学生随处学习。
leisure activity,n.,/ˈlɛʒər/ /ækˈtɪvəti/,休闲活动,something fun done in free time,hobby,free-time activity,pastime,Reading is my favourite ______.,A healthy ______ keeps the mind active.,阅读是我最爱的休闲活动。,健康的休闲活动让头脑保持活跃。
local,adj.,/ˈləʊkəl/,地方的；当地的,from or of this area,nearby,native,regional,We ate at a ______ restaurant.,______ food tells you a lot about a place.,我们在一家本地餐馆吃饭。,本地食物能告诉你许多关于一个地方的事。
look after,phr.,/lʊk/ /ˈɑːftə/,照顾,to care for a person or thing,care for,take care of,mind,I ______ my little sister.,Parents who ______ children well build trust at home.,我照顾我的小妹妹。,照顾好孩子的父母在家中建立信任。
mind,v.,/maɪnd/,头脑；大脑,to feel bothered or object,care,object,bother,Do you ______ if I sit here?,Most people do not ______ small changes at home.,你介意我坐这儿吗？,大多数人不介意家里的微小改变。
mountain,n.,/ˈmaʊntɪn/,山,very high land with a peak,peak,highland,slope,We climbed the ______ near the village.,A ______ can block wind and shape the weather.,我们爬了村子附近的山。,山能挡风并影响气候。
neck,n.,/nɛk/,颈；脖子,the part joining head and body,throat,nape,collar,She wears a scarf on her ______.,Looking down at phones hurts the ______.,她脖子上围了条围巾。,低头看手机伤脖子。
net,n.,/nɛt/,网,something with holes to catch balls,mesh,web,grille,The ball hit the ______ and bounced.,A fishing ______ feeds many coastal towns.,球撞到网弹了回来。,渔网养活许多沿海小镇。
pass,v.,/pɑːs/,经过,to go past; to succeed in,go by,move past,succeed,He ______ the exam with a high score.,Students must ______ exams to move up a grade.,他以高分通过了考试。,学生必须考试及格才能升年级。
popular,adj.,/ˈpɒpjələ/,大众喜爱的；,liked by many people,liked,favourite,well-liked,Football is very ______ in this school.,A ______ park brings a community together.,足球在这所学校很受欢迎。,受欢迎的公园把社区凝聚在一起。
rugby,n.,/ˈrʌɡbi/,橄榄球,a game with an oval ball,contact sport,ball game,team sport,He plays ______ for the local club.,______ builds strength and team spirit.,他为本地球队打橄榄球。,橄榄球培养力量与团队精神。
rule,n.,/ruːl/,规则,what you must or must not do,law,order,regulation,Follow the ______ of the game.,Clear ______ make a school fair for all.,遵守游戏规则。,清晰的规则让学校对所有人公平。
sail,v.,/seɪl/,驾驶帆船航行,to travel on water in a boat,navigate,cruise,voyage,They ______ to the small island.,Ships ______ goods between countries every day.,他们乘船去了小岛。,船只每天在各国间运送货物。
sailing,n.,/ˈseɪlɪŋ/,帆船运动,the sport of moving boats by wind,boating,yachting,wind sport,______ is fun in warm weather.,______ teaches young people about the wind and sea.,帆船运动在暖天很有趣。,帆船运动教年轻人认识风与海。
scary,adj.,/ˈskeəri/,可怕的,frightening; causing fear,frightening,alarming,eerie,The film was too ______ for me.,A ______ story can stop a child from sleeping.,那部电影对我来说太吓人。,恐怖故事会让孩子睡不着。
score,v.,/skɔː/,得分,to get a point in a game,get a point,make a goal,net,He ______ a goal in the final minute.,Teams that ______ more often win the match.,他在最后一分钟进了一球。,进球更多的球队通常获胜。
sea,n.,/siː/,海,the salt water covering much of earth,ocean,waves,water,We swam in the ______ near home.,The ______ level is rising with climate change.,我们在家附近的海里游泳。,海平面随气候变化而上升。
send,v.,/sɛnd/,邮寄；发送,to make something go to someone,post,mail,dispatch,I ______ a postcard to my friend.,Schools ______ reports to parents each term.,我给朋友寄了张明信片。,学校每学期给家长发报告。
set sail,phr.,/sɛt/ /seɪl/,起航,to begin a trip by boat,depart by sea,start sailing,leave port,The ship ______ at dawn.,Explorers ______ to map unknown coasts.,船在黎明起航。,探险家起航绘制未知海岸。
several,adj.,/ˈsɛvərəl/,几个；一些,more than two but not many,some,a few,various,We read ______ books this month.,______ cities joined the clean-air plan.,这个月我们读了好几本书。,好几座城市加入了清洁空气计划。
snowboarder,n.,/ˈsnəʊˌbɔːdə/,单板滑雪者,a person who rides a snowboard,boarder,winter sportsman,rider,He is a skilled ______.,A young ______ needs warm and safe gear.,他是个熟练的单板滑雪者。,年轻单板滑雪者需要保暖安全的装备。
snowboarding,n.,/ˈsnəʊˌbɔːdɪŋ/,单板滑雪（运动）,the sport of a board on snow,winter sport,boarding,slope sport,______ is exciting but risky.,______ brings tourists to cold mountain towns.,单板滑雪刺激但有风险。,单板滑雪为寒冷山城带来游客。
star,n.,/stɑː/,明星；体坛高手,a famous person; a point of light,celebrity,famous person,idol,She is a film ______ in her country.,A sports ______ can inspire young people.,她是国内的电影明星。,体育明星能激励年轻人。
still,adv.,/stɪl/,平静的；安静的,up to now; not yet ended,yet,even now,calm,He is ______ sleeping at noon.,Some old shops are ______ open after decades.,他中午还在睡觉。,一些老店几十年后仍在营业。
taekwondo,n.,/taɪˈkwɒndəʊ/,跆拳道,a Korean martial art with kicks,martial art,kick sport,combat sport,Children learn ______ for discipline.,______ teaches respect as well as skill.,孩子学跆拳道以培养纪律。,跆拳道既教技能也教尊重。
tai chi,n.,/tai/ /ʧiː/,太极（拳）,a slow Chinese exercise for health,shadow boxing,Chinese exercise,soft martial art,Old people do ______ in the park.,______ helps older people keep their balance.,老人在公园打太极。,太极帮助老人保持平衡。
take photos,phr.,/teɪk/ /ˈfəʊtəʊz/,拍照,to capture pictures with a camera,photograph,shoot pictures,capture images,We ______ of the old bridge.,Tourists ______ to remember their trips.,我们给老桥拍照。,游客拍照以记住旅程。
tennis,n.,/ˈtɛnɪs/,网球,a game with rackets and a ball,racket sport,court game,ball game,She plays ______ every weekend.,______ is played in parks all over the world.,她每个周末打网球。,网球在世界各地的公园里都有人打。
terrible,adj.,/ˈtɛrəbəl/,讨厌的；可怕的,very bad; unpleasant,awful,dreadful,horrible,The weather was ______ yesterday.,A ______ accident can change a family's life.,昨天天气糟透了。,严重的事故能改变一个家庭的命运。
train,n.,/treɪn/,训练；接受训练,a line of carriages that run on rails,railway,locomotive,metro,We took the ______ to the city.,A fast ______ reduces traffic on the roads.,我们乘火车去城市。,高铁减少了公路上的车流。
trick,n.,/trɪk/,计谋,a clever act done to surprise,joke,stunt,magic act,He did a card ______ for us.,A simple ______ can make learning fun.,他给我们变了个纸牌戏法。,简单的戏法能让学习变有趣。
umbrella,n.,/ʌmˈbrɛlə/,伞,a thing to keep off the rain,rain shield,parasol,brolly,Take an ______ in case of rain.,A small ______ fits in every school bag.,带上伞以防下雨。,小伞能放进每个书包。
volleyball,n.,/ˈvɒlɪˌbɔːl/,排球,a game with a ball over a net,net game,ball game,team sport,We played ______ on the beach.,______ is easy to learn and needs no goals.,我们在沙滩打排球。,排球易学且不需要球门。
white water rafting,n.,/waɪt/ /ˈwɔːtə/ /ˈrɑːftɪŋ/,激流漂筏,boating on rough river water,river rafting,rapids sport,rafting,They tried ______ on holiday.,______ brings adventure tourists to wild rivers.,他们假期试了激流泛舟。,激流泛舟为野河带来探险游客。
windsurfing,n.,/ˈwɪndˌsɜːfɪŋ/,风帆冲浪（运动）,a board with a sail on water,sailboarding,board sailing,water sport,______ is popular by the warm sea.,"______ needs wind, water and good balance.",风帆冲浪在温暖的海边很流行。,风帆冲浪需要风、水和良好平衡。
winner,n.,/ˈwɪnə/,优胜者,the person who wins a game,champion,victor,first,He was the ______ of the race.,The ______ of a fair game earns real respect.,他是比赛的获胜者。,公平比赛的获胜者赢得真正的尊重。
a variety of,phr.,/ə/ /vəˈraɪəti/ /ɒv/,各种各样的,many different kinds,many kinds of,various,all sorts of,We sell ______ fresh fruits.,A city offers ______ jobs to its people.,我们卖各种各样的新鲜水果。,城市为居民提供各种各样的岗位。
adult,n.,/ˈædʌlt/,成年人,a grown-up person,grown-up,mature person,parent,An ______ must sign the form.,An ______ should model good habits for children.,成年人必须签署表格。,成年人应为孩子树立好习惯的榜样。
airport,n.,/ˈeəpɔːt/,机场,a place where planes land and take off,airfield,terminal,aerodrome,We waited at the ______ for hours.,A busy ______ connects a city to the world.,我们在机场等了几个小时。,繁忙的机场把城市与世界相连。
all over the world,phr.,/ɔːl/ /ˈəʊvə/ /ðə/ /wɜːld/,全世界,in many different countries,worldwide,everywhere,globally,People use phones ______.,Climate change is a problem ______.,世界各地的人都使用手机。,气候变化是个全世界的问题。
all the time,phr.,/ɔːl/ /ðə/ /taɪm/,一直,very often; almost always,always,constantly,every moment,He smiles ______ at work.,Cities change ______ as new people arrive.,他工作时总是微笑。,随着新人到来，城市一直在变化。
allow,v.,/əˈlaʊ/,允许,to let someone do something,permit,let,authorise,My parents ______ me to go out.,Laws should ______ people to speak freely.,父母允许我出去。,法律应允许人们自由表达。
art gallery,n.,/ɑːt/ /ˈɡæləri/,艺术画廊,a place that shows works of art,gallery,museum,exhibition space,We visited an ______ on Sunday.,A free ______ opens art to everyone.,我们周日参观了一个美术馆。,免费美术馆让人人接触艺术。
attend,v.,/əˈtɛnd/,出席；参加,to go to an event or place,go to,be present at,join,She will ______ the meeting at noon.,Most children ______ school five days a week.,她将参加中午的会议。,多数孩子每周上学五天。
attractions,n.,/əˈtrækʃənz/,景点；吸引点,interesting places to visit,sights,things to see,highlights,The city has many famous ______.,Good ______ bring money to a town.,这座城市有许多著名景点。,好的景点为城镇带来收入。
basic,adj.,/ˈbeɪsɪk/,基本的；基础的,simple and most important,simple,key,elementary,These are the ______ rules of the road.,Everyone needs ______ reading and maths.,这些是道路的基本规则。,人人需要基本的读写与算术。
basics,n.,/ˈbeɪsɪks/,基础知识,the simplest facts to start with,fundamentals,essentials,foundations,Learn the ______ before hard parts.,Schools should teach the ______ first.,先学基础知识。,学校应先教基础。
be interested in,phr.,/biː/ /ˈɪntrɛstɪd/ /ɪn/,对……有兴趣,to like learning or doing,care about,like,enjoy,I ______ music and art.,Many students ______ science after a good trip.,我对音乐和艺术感兴趣。,许多学生在一次好出游后对科学产生兴趣。
beach,n.,/biːʧ/,海滩,land by the edge of the sea,shore,coast,sands,We walked on the ______ at sunset.,A clean ______ is a city's natural wealth.,日落时我们在海滩散步。,干净的海滩是城市的自然财富。
beginner,n.,/bɪˈɡɪnə/,初学者,a person just starting to learn,novice,learner,starter,He is a ______ at tennis.,A ______ needs patient teachers and easy tasks.,他是网球初学者。,初学者需要耐心的老师和简单的任务。
bored,adj.,/bɔːd/,感到厌倦的,feeling that there is nothing to do,uninterested,restless,weary,I felt ______ at home alone.,______ teens may spend too much time on screens.,独自在家我感到无聊。,无聊的青少年可能在屏幕上花太多时间。
British,adj.,/ˈbrɪtɪʃ/,英国的,from or of Britain,from the UK,English,of Britain,He is ______ and lives in London.,______ cities mix old history with new tech.,他是英国人，住在伦敦。,英国城市把古老历史与新技术融合。
camera,n.,/ˈkæmərə/,照相机,a tool used to take photos,photographer,recorder,lens,I bought a new ______ for the trip.,A phone ______ lets students record their work.,我为旅行买了新相机。,手机相机让学生记录学习过程。
castle,n.,/ˈkɑːsəl/,城堡,a large old strong building,fort,palace,keep,We visited the old ______ by the river.,A ______ tells a city's long story.,我们参观了河边那座古老的城堡。,城堡讲述城市悠久的故事。
century,n.,/ˈsɛnʧəri/,世纪,a period of one hundred years,100 years,age,era,The town is over a ______ old.,A ______ of change can reshape a whole society.,这座小镇有一百多年历史。,百年的变迁能重塑整个社会。
change,v.,/ʧeɪnʤ/,找给的零钱；找头,to make something different,alter,shift,vary,We must ______ our plan for rain.,Cities must ______ to meet climate goals.,我们因雨必须改变计划。,城市必须改变以实现气候目标。
chef,n.,/ʃɛf/,厨师,a cook in a restaurant,cook,head cook,kitchen chief,The ______ made a great meal.,A good ______ turns simple food into joy.,厨师做了一顿美餐。,好厨师把简单食材变成享受。
city break,n.,/ˈsɪti/ /breɪk/,城市假期,a short visit to a city,short city trip,urban break,weekend trip,We had a ______ in Paris.,A ______ refreshes busy workers quickly.,我们在巴黎度了城市短假。,城市短假让忙碌的职员迅速恢复。
cookery,n.,/ˈkʊkəri/,烹饪,the skill or art of cooking,cooking,cuisine,kitchen skill,She learnt ______ at school.,______ classes teach children real life skills.,她在学校学了烹饪。,烹饪课教孩子真实的生活技能。
delicious,adj.,/dɪˈlɪʃəs/,美味的,tasting very good,tasty,yummy,appetising,The soup was ______ and hot.,A ______ school meal helps children eat well.,汤又美味又热。,美味的校餐帮助孩子吃得好。
demonstration,n.,/ˌdɛmənˈstreɪʃən/,示范,showing how something works,demo,show,display,We watched a science ______.,A clear ______ helps students learn fast.,我们观看了科学演示。,清晰的演示帮助学生快速学习。
design,v.,/dɪˈzaɪn/,设计,to plan how something will look,plan,create,draw,He will ______ the new poster.,"Good cities ______ space for people, not only cars.",他将设计新海报。,好的城市为人而非仅为车设计空间。
Eiffel Tower,n.,/ˈaɪfəl/ /ˈtaʊə/,埃菲尔铁塔,a tall tower in Paris,Paris tower,French landmark,iron tower,We saw the ______ at night.,The ______ shows how old cities still attract tourists.,我们夜晚看了埃菲尔铁塔。,埃菲尔铁塔展示老城仍吸引游客。
energy,n.,/ˈɛnəʤi/,精力；活力,power to do work or move,power,strength,force,Solar panels make clean ______.,Saving ______ is key to a greener city.,太阳能板产生清洁能源。,节约能源是更绿色城市的关键。
Europe,n.,/ˈjʊərəp/,欧洲,a continent west of Asia,the EU area,western continent,European land,______ has many old and new cities.,______ shows how cultures live side by side.,欧洲有许多古老与崭新的城市。,欧洲展示文化如何比邻共存。
experience,n.,/ɪkˈspɪəriəns/,经历；阅历,something you have lived through,event,memory,practice,Travel is a good ______ for all.,Work ______ helps young people grow.,旅行是人人都该有的好经历。,工作经验帮助年轻人成长。
famous,adj.,/ˈfeɪməs/,著名的,known by many people,well-known,renowned,celebrated,She is ______ for her music.,A ______ park can put a small town on the map.,她以音乐闻名。,著名的公园能让小镇出名。
feature,n.,/ˈfiːʧə/,特色；特征,a special part or quality,trait,aspect,characteristic,A key ______ is the big window.,A city's best ______ is often its people.,一个关键特征是那扇大窗。,城市最好的特征往往是它的人民。
food-lover,n.,/fuːd/-/ˈlʌvə/,食物爱好者,a person who loves food,gourmet,foodie,eater,He is a real ______ and tries new dishes.,A ______ cares where food comes from.,他是个真正的美食爱好者，爱尝新菜。,美食爱好者关心食物来源。
Germany,n.,/ˈʤɜːməni/,德国,a country in central Europe,the German state,central European nation,EU country,______ makes fine cars and machines.,______ shows strong training for skilled work.,德国制造精良的汽车与机械。,德国展现对技能工的扎实培养。
go on a trip,phr.,/ɡəʊ/ /ɒn/ /ə/ /trɪp/,去旅行,to travel for a short time,travel,take a journey,go on holiday,We ______ to the lake in summer.,Families that ______ together build closer bonds.,我们夏天去湖边旅行。,一起旅行的家庭关系更亲密。
greeting,n.,/ˈɡriːtɪŋ/,问候；招呼,words said when people meet,hello,welcome,salutation,He gave a warm ______ to guests.,A polite ______ helps strangers feel welcome.,他向客人致以热情的问候。,礼貌的问候让陌生人感到受欢迎。
homesick,adj.,/ˈhəʊmsɪk/,想家的,sad to be away from home,lonely for home,missing home,yearning,She felt ______ at summer camp.,A ______ student needs a call from family.,她在夏令营想家。,想家的学生需要家人来电。
however,adv.,/haʊˈɛvə/,然而；不过,but; yet; on the other hand,but,still,nevertheless,"It rained; ______, we went out.","Cities grow fast; ______, green space shrinks.",下雨了；然而我们还是出去了。,城市发展快；然而绿地却在缩减。
identify,v.,/aɪˈdɛntɪfaɪ/,确认；认出,to say what something is,name,recognise,spot,Can you ______ this bird in the photo?,We should ______ problems before they grow.,你能认出照片里的鸟吗？,我们应在问题变大前识别出来。
in my opinion,phr.,/ɪn/ /maɪ/ /əˈpɪnjən/,依我看,what I think about it,I think,to me,as I see it,"______, reading helps a lot.","______, schools should teach life skills too.",依我看，阅读帮助很大。,在我看来，学校也应教生活技能。
in the countryside,phr.,/ɪn/ /ðə/ /ˈkʌntrɪsaɪd/,在乡村；在农村,"away from cities, in villages",in rural areas,in the country,outside town,They live ______ with their grandparents.,Children ______ see more stars and trees.,他们和祖父母住在乡下。,乡下的孩子看到更多星星和树木。
in the future,phr.,/ɪn/ /ðə/ /ˈfjuːʧə/,将来,"from now on, later",later,from now on,ahead,"______, I want to be a teacher.","______, cars may drive without a person.",将来我想当老师。,将来汽车或许无需司机。
in the wild,phr.,/ɪn/ /ðə/ /waɪld/,在野生环境中,"in nature, not in cages",in nature,free,outdoors,You can see tigers ______ in Asia.,Animals ______ need large space to live.,在亚洲你能看到野生的老虎。,野生动物需要大片空间生存。
instructor,n.,/ɪnˈstrʌktə/,教练,a person who teaches a skill,teacher,coach,trainer,The ski ______ was kind and clear.,A patient ______ helps beginners learn fast.,滑雪教练亲切又清楚。,耐心的教练帮助初学者快速学会。
journey,n.,/ˈʤɜːni/,旅行；旅程,travel from one place to another,trip,voyage,travel,The ______ took three hours by train.,A long ______ teaches you about new places.,这趟旅程坐火车花了三小时。,长途旅行让你了解新地方。
knowledge,n.,/ˈnɒlɪʤ/,知识,facts and understanding,understanding,learning,information,Books give us ______ of the world.,A city grows when ______ is shared freely.,书籍给我们关于世界的知识。,当知识自由共享，城市便成长。
language exchange,n.,/ˈlæŋɡwɪʤ/ /ɪksˈʧeɪnʤ/,语言交换,practising languages with each other,tandem,language swap,mutual learning,We joined a ______ at school.,A ______ builds friendship across cultures.,我们参加了学校的语言互换。,语言互换建立跨文化友谊。
local attraction,n.,/ˈləʊkəl/ /əˈtrækʃən/,当地景点,a place worth visiting nearby,nearby sight,local sight,town highlight,This museum is a ______.,A strong ______ brings visitors to a town.,这座博物馆是本地景点。,有吸引力的景点为小镇带来游客。
meat,n.,/miːt/,肉,food from an animal's body,flesh,protein,food,He does not eat ______ for health.,Eating less ______ helps the planet.,他为了健康不吃肉。,少吃肉有益于地球。
museum,n.,/mjuːˈziːəm/,博物馆,a building with old things to see,gallery,exhibition,collection,We went to the science ______.,A free ______ opens learning to all children.,我们去了科学博物馆。,免费的博物馆让所有孩子都能学习。
natural,adj.,/ˈnæʧərəl/,自然的；天然的,"from nature, not made by people",wild,real,organic,We should use ______ light by day.,______ parks keep a city cool in summer.,白天我们应使用自然光。,自然公园让城市在夏天保持凉爽。
opposite,adj.,/ˈɒpəzɪt/,相反的,as different as can be,reverse,other,facing,He sat on the ______ side of the table.,The ______ view also has some truth.,他坐在桌子对面。,相反的观点也有几分道理。
orchestra,n.,/ˈɔːkɪstrə/,管弦乐队,a large group of music players,band,ensemble,music group,The ______ played beautifully at school.,A school ______ teaches teamwork through art.,管弦乐队在学校演奏得很美。,学校管弦乐队通过艺术教团队合作。
own,adj.,/əʊn/,拥有 v. 属于自己的 adj.,belonging to oneself,personal,my,one's,I have my ______ small room now.,Every child needs a sense of their ______ space.,我现在有了自己的小房间。,每个孩子都需要属于自己的空间感。
personal,adj.,/ˈpɜːsənəl/,个性的,private to one person,private,own,individual,"This is a ______ matter, not for class.",A ______ diary helps teens know themselves.,这是私事，不适合在课堂上讲。,私人日记帮助青少年认识自己。
protect,v.,/prəˈtɛkt/,保护,to keep safe from harm,guard,defend,shield,We must ______ the rivers near us.,Laws should ______ the most weak in society.,我们必须保护附近的河流。,法律应保护社会中最弱的人。
radio interview,n.,/ˈreɪdiəʊ/ /ˈɪntəvjuː/,电台采访,a talk recorded for radio,broadcast chat,on-air talk,audio interview,She gave a ______ about her book.,A ______ reaches people while they drive.,她就自己的书接受了电台采访。,电台访谈在人们开车时也能触达他们。
real,adj.,/rɪəl/,真的,true; not fake,true,genuine,actual,Is this ______ gold or just yellow?,"______ change needs action, not only words.",这是真金还是只是黄色？,真正的改变需要行动而非空话。
recently,adv.,/ˈriːsəntli/,不久前；最近,not long ago,lately,not long ago,newly,I ______ moved to a new flat.,The city ______ opened a new library.,我最近搬进了新公寓。,城市最近开放了一座新图书馆。
require,v.,/rɪˈkwaɪə/,需要；依靠,to need something,need,demand,call for,The job ______ good English.,A green city ______ everyone to sort rubbish.,这份工作需要良好的英语。,绿色城市要求人人分类垃圾。
resort,n.,/rɪˈzɔːt/,旅游胜地；度假胜地,a place people go for holidays,retreat,holiday spot,getaway,We stayed at a beach ______.,A clean ______ keeps tourists coming back.,我们住在海滨度假村。,干净的度假村让游客回访。
restaurant,n.,/ˈrɛstərɒnt/,餐馆,a place where you buy a meal,eatery,cafe,diner,We ate at a new ______ nearby.,A safe ______ matters for family health.,我们在附近一家新餐馆吃饭。,安全的餐馆对家庭健康很重要。
result,n.,/rɪˈzʌlt/,后果；结果,what happens because of something,outcome,effect,conclusion,The ______ of the match was a draw.,The ______ of good teaching is confident students.,比赛结果是平局。,良好教学的结果是自信的学生。
shopping centre,n.,/ˈʃɒpɪŋ/ /ˈsɛntə/,购物中心,a building with many shops,mall,shopping mall,arcade,We met at the ______ after school.,A big ______ can hurt small local shops.,我们放学后在购物中心碰面。,大购物中心会冲击本地小店。
sight,n.,/saɪt/,视觉；景象,something worth seeing,view,scene,attraction,The sunset was a fine ______.,A famous ______ draws crowds to a city.,日落是美景。,著名景观吸引人群来到城市。
skill,n.,/skɪl/,技术；技能,ability to do something well,ability,talent,technique,Reading is a useful ______ for life.,Practical ______ helps young people find work.,阅读是受用一生的技能。,实用技能帮助年轻人找到工作。
soup,n.,/suːp/,汤,hot liquid food eaten with a spoon,broth,stew,potage,I made vegetable ______ for lunch.,A warm ______ comforts people on cold days.,我午餐做了蔬菜汤。,热汤在冷天给人慰藉。
take part in,phr.,/teɪk/ /pɑːt/ /ɪn/,参与,to join an activity,join,enter,participate in,I ______ the school race.,Students should ______ clean-up days at school.,我参加了学校赛跑。,学生应参加学校的清洁日。
technique,n.,/tɛkˈniːk/,技术,a way of doing something,method,way,skill,This is a good study ______.,A clear ______ makes hard tasks easier.,这是好的学习技巧。,清晰的技巧让难事变易。
the sights,phr.,/ðə/ /saɪts/,景点,the places worth seeing,the attractions,the views,the landmarks,We saw ______ of the old city.,Tourists love ______ of a historic town.,我们看了老城的景点。,游客喜爱历史名城的景观。
traditional,adj.,/trəˈdɪʃənəl/,传统的,old and still used today,classic,old-style,customary,They wear ______ clothes at festivals.,______ food keeps a culture alive.,他们在节日穿传统服饰。,传统食物让文化延续。
unfortunately,adv.,/ʌnˈfɔːʧənətli/,不幸地,sadly; by bad luck,sadly,regrettably,unluckily,"______, it rained all day.","______, many old buildings were lost.",不幸的是，下了一整天雨。,不幸的是，许多老建筑消失了。
usual,adj.,/ˈjuːʒuəl/,通常的；寻常的,as happens most often,normal,common,regular,We met at the ______ time.,The ______ path is not always the best one.,我们在平时的时间见面。,平常的路未必是最好的路。
vegetable,n.,/ˈvɛʤtəbəl/,蔬菜,a plant eaten as food,veg,greens,plant food,Eat more ______ every day.,Fresh ______ in schools builds healthy habits.,每天多吃蔬菜。,学校提供新鲜蔬菜培养健康习惯。
wildlife,n.,/ˈwaɪldlaɪf/,野生生物,wild animals and plants,animals,nature,fauna,The park is rich in ______.,Protecting ______ protects the whole ecosystem.,公园里野生动物丰富。,保护野生动物就是保护整个生态。
afterwards,adv.,/ˈɑːftəwədz/,过后,after that; then,later,after,then,We ate ______ at a small cafe.,Think ______ about what you learned.,之后我们在小咖啡馆吃饭。,之后想想你学到了什么。
already,adv.,/ɔːlˈrɛdi/,已经；早已,before now; by this time,by now,before,even now,I have ______ finished my homework.,Some cities have ______ gone car-free.,我已经做完作业了。,一些城市已经实现无车化。
Arabian,adj.,/əˈreɪbiən/,阿拉伯的,from or of Arabia,from Arabia,Arab,Middle Eastern,We rode an ______ horse in the desert.,______ tales tell of trade and stars.,我们在沙漠骑了阿拉伯马。,阿拉伯故事讲述贸易与星辰。
arts and crafts,n.,/ɑːts/ /ænd/ /krɑːfts/,手工艺,making things by hand,handicrafts,handmade art,crafts,Children love ______ at the club.,______ keep old skills alive in modern life.,孩子喜欢在俱乐部做手工。,手工在现代生活中保留古老技艺。
Big Ben,n.,/bɪɡ/ /bɛn/,大本钟,a famous clock tower in London,London clock,British landmark,clock tower,We saw ______ on our trip.,______ is a symbol of a long history.,我们在旅行中看了大本钟。,大本钟是悠久历史的象征。
boil,v.,/bɔɪl/,在沸水中煮,to heat liquid until it bubbles,heat,simmer,cook,______ the water before you make tea.,Cooks ______ food to make it safe.,泡茶前先把水烧开。,厨师把食物煮熟以确保安全。
Brazil,n.,/brəˈzɪl/,巴西,a large country in South America,the South American nation,Latin country,BR,______ is famous for football and forests.,______ shows how nature and culture mix.,巴西以足球和森林闻名。,巴西展示自然与文化如何交融。
broccoli,n.,/ˈbrɒkəli/,西兰花,a green vegetable with stems,green veg,cabbage family,veg,We ate ______ with dinner.,______ is a healthy choice for school meals.,我们晚餐吃了西兰花。,西兰花是校餐的健康选择。
brown,adj.,/braʊn/,棕色的,the colour of earth or wood,tan,coffee,chestnut,The dog is ______ and small.,______ food like bread and rice feeds the world.,那只狗是棕色的小狗。,面包米饭等褐色食物养育世界。
cabbage,n.,/ˈkæbɪʤ/,卷心菜,a round green vegetable,greens,veg,leafy veg,We cooked ______ with a little salt.,______ is cheap and good for children.,我们用一点盐炒了卷心菜。,卷心菜便宜且对孩子有益。
can,v.,/kæn/,金属罐,to be able to do something,be able to,may,could,I ______ swim across the pool.,"With practice, a child ______ learn anything.",我能游过泳池。,勤加练习，孩子能学会任何事。
carrot,n.,/ˈkærət/,胡萝卜,a long orange vegetable,veg,root veg,orange veg,Rabbits eat ______ and leaves.,"______ are a cheap, healthy school snack.",兔子吃胡萝卜和叶子。,胡萝卜是便宜健康的校内零食。
category,n.,/ˈkætəɡəri/,种类,a group of similar things,group,type,class,This book fits a new ______.,Sorting waste by ______ helps the planet.,这本书属新类别。,按类别分类垃圾有益于地球。
cheese,n.,/ʧiːz/,芝士,a food made from milk,dairy,milk food,fromage,I like ______ on my bread.,Too much ______ is not good for health.,我喜欢面包上放奶酪。,过多奶酪不利健康。
chips,n.,/ʧɪps/,炸薯条（复数）,fried pieces of potato,fries,potato fries,crisps,He ate ______ with his burger.,Hot ______ are tasty but best eaten rarely.,他吃汉堡配薯条。,热薯条好吃，但最好少吃。
chop,v.,/ʧɒp/,剁碎,to cut into small pieces,cut,slice,hack,______ the onions for the soup.,Families that ______ food together teach children to cook.,把洋葱切碎做汤。,一起切菜的家庭教孩子做饭。
circular,adj.,/ˈsɜːkjələ/,圆形的,round like a circle,round,ring-shaped,oval-ish,The table is ______ and small.,A ______ road keeps traffic calm in a town.,桌子是圆形的，很小。,环形道路让小镇交通更平稳。
consonant,n.,/ˈkɒnsənənt/,辅音,"a letter that is not a, e, i, o, u",non-vowel,letter,sound,"B, C and D are ______ in English.",Counting ______ helps beginners read words.,B、C、D 是英语的辅音。,数辅音帮助初学者读单词。
curry,n.,/ˈkʌri/,咖喱,a hot spicy dish,spiced dish,stew,spicy food,We ate chicken ______ for dinner.,A mild ______ suits children who hate heat.,我们晚餐吃了咖喱鸡。,温和的咖喱适合怕辣的孩子。
decorate,v.,/ˈdɛkəreɪt/,装饰；装潢,to make a place look nice,ornament,beautify,adorn,We ______ the room for the party.,Schools ______ halls to mark big events.,我们装饰房间准备派对。,学校装饰大厅以纪念大事件。
dish,n.,/dɪʃ/,菜肴,a plate of cooked food,meal,plate,course,This ______ is from Italy.,A local ______ tells you about a region's taste.,这道菜来自意大利。,本地菜肴告诉你一个地区的口味。
dough,n.,/dəʊ/,生面团,a soft mix of flour and water,paste,batter,mix,We made ______ for the bread.,Soft ______ is the start of many foods.,我们和了做面包的面团。,柔软的面团是许多食物的开端。
download,v.,/ˌdaʊnˈləʊd/,下载,to copy a file from the internet,get,save,fetch,I ______ the file to my phone.,Students ______ books to read offline.,我把文件下载到手机。,学生下载书籍离线阅读。
dumpling,n.,/ˈdʌmplɪŋ/,饺子,a small piece of dough with filling,pasty,ravioli,pelmeni,We ate pork ______ at the market.,A ______ is a comfort food in many cultures.,我们在市场吃了猪肉饺子。,饺子在许多文化里都是慰藉食物。
enter,v.,/ˈɛntə/,进来；进入,to come or go into a place,go in,come in,join,Please ______ the room quietly.,Visitors ______ the museum through the main door.,请安静地进入房间。,访客从正门进入博物馆。
fairground,n.,/ˈfeəɡraʊnd/,露天游乐场,a place with fun rides,carnival,amusement park,funfair,We went to the ______ at the fair.,A ______ brings a town together on holidays.,我们去了游乐场。,游乐场在节日把小镇聚在一起。
filling,n.,/ˈfɪlɪŋ/,馅,the food inside something,stuffing,inside,content,The pie has a sweet ______.,A healthy ______ makes a better school meal.,馅饼里有甜的馅。,健康的馅让校餐更好。
flatmate,n.,/ˈflætmeɪt/,合住一套公寓的人,a person you share a flat with,roommate,housemate,cohabiter,My ______ studies music at college.,A tidy ______ makes shared rent happier.,我的室友在大学学音乐。,整洁的室友让合租更愉快。
flour,n.,/flaʊə/,面粉,fine powder from grain for baking,powdered grain,meal,dough base,We need ______ to bake bread.,Cheap ______ helps families eat at home.,我们需要面粉烤面包。,便宜的面粉帮助家庭在家吃饭。
fold,v.,/fəʊld/,折叠,to bend so one part covers another,bend,crease,double,______ the letter and put it in the envelope.,Children ______ paper to make simple art.,把信折好放进信封。,孩子折纸做简单的手工。
fry,v.,/fraɪ/,油煎,to cook in hot oil,deep-fry,sauté,cook in oil,We ______ the eggs in a pan.,Cooks ______ food quickly over high heat.,我们用平底锅煎蛋。,厨师用高温快煎食物。
garlic,n.,/ˈɡɑːlɪk/,大蒜,a strong-tasting white bulb,seasoning,spice,clove,Add ______ to the pasta for taste.,A little ______ keeps a dish flavourful.,给意面加点蒜提味。,一点蒜让菜有味道。
ingredient,n.,/ɪnˈɡriːdiənt/,（尤指烹饪）原料,a thing used to make food,component,part,item,List the ______ on the box.,Clear ______ lists help people with allergies.,把成分列在盒子上。,清晰的成分表帮助过敏的人。
introduction,n.,/ˌɪntrəˈdʌkʃən/,序言；引言,the first part that explains,opening,start,preface,Read the ______ of the book first.,A short ______ tells readers what to expect.,先读书的引言。,简短的引言告诉读者期待什么。
juice,n.,/ʤuːs/,汁,liquid squeezed from fruit,cider,liquid,drink,I drank orange ______ at breakfast.,Fresh ______ is a healthier drink for kids.,早餐我喝了橙汁。,鲜果汁对孩子是更健康的饮品。
Korean,adj.,/kəˈriːən/,韩国的,from or of Korea,from Korea,of Korea,Asian,She speaks ______ with her mum.,______ food is loved by young people.,她和妈妈讲韩语。,韩国食物受年轻人喜爱。
lamb,n.,/læm/,羊肉,young sheep; its meat,sheep meat,mutton,young sheep,We ate roast ______ on Sunday.,______ is a traditional meal in some cultures.,我们周日吃了烤羊肉。,羊肉在一些文化里是传统菜肴。
look forward to,phr.,/lʊk/ /ˈfɔːwəd/ /tuː/,期待；盼望,to be excited about something,expect,await,can't wait for,I ______ the summer holidays.,Students ______ the end of exams.,我期待暑假。,学生期待考试结束。
look forward to sth,phr.,/lʊk/ /ˈfɔːwəd/ /tuː/ sth,盼望,to await a thing or event,expect,await,anticipate,We ______ your reply soon.,Families ______ sth good from a school year.,我们期待很快收到你的回复。,家庭期待一学年带来好结果。
lovely,adj.,/ˈlʌvli/,有吸引力的；迷人的,very nice; pleasant,nice,pleasant,beautiful,What a ______ day for a walk!,A ______ park makes a city feel like home.,散步的好天气！,宜人的公园让城市像家一样。
menu,n.,/ˈmɛnjuː/,菜单,a list of food in a place,bill of fare,list,card,Read the ______ before you order.,A clear ______ helps guests choose well.,点餐前先看书。,清晰的菜单帮助客人选好。
method,n.,/ˈmɛθəd/,方法；办法,a way of doing something,way,approach,technique,This is a good ______ to learn words.,A clear ______ helps students study alone.,这是记单词的好方法。,清晰的方法帮助学生自学。
mix,v.,/mɪks/,混合；结合,to put different things together,blend,combine,stir,______ the eggs and milk in a bowl.,Cities ______ people from many cultures.,把蛋和奶在碗里混合。,城市融合来自多种文化的人。
mixture,n.,/ˈmɪksʧə/,混合物,things combined together,blend,combine,mix,The ______ smells good and sweet.,A good ______ of old and new keeps a city alive.,混合物闻起来香甜。,新旧交融让城市充满活力。
noodles,n.,/ˈnuːdəlz/,面条（复数）,long thin strips of dough,pasta,ribbons,dough strips,We ate chicken ______ for lunch.,______ are a cheap meal for students.,我们午餐吃了鸡肉面。,面条是学生的便宜一餐。
oil,n.,/ɔɪl/,石油；原油,a slippery liquid used in cooking,fat,grease,cooking oil,Heat the ______ in the pan first.,Too much ______ is bad for the heart.,先在锅里热油。,过多油对心脏不好。
pan,n.,/pæn/,平底锅,a flat metal pot for cooking,frying pan,pot,skillet,Put the egg in the ______ to cook.,A non-stick ______ saves time in a kitchen.,把蛋放进平底锅煮。,不粘锅节省厨房时间。
pasta,n.,/ˈpæstə/,意大利面食,food made from wheat dough,noodles,spaghetti,macaroni,We cooked ______ with tomato sauce.,______ is a quick dinner for busy families.,我们用番茄酱煮了意面。,意面是忙碌家庭的快捷晚餐。
pepper,n.,/ˈpɛpə/,胡椒粉,a hot spice; also a crisp veg,spice,seasoning,capsicum,Add black ______ to the soup.,Red ______ adds colour and taste to a meal.,给汤加点黑胡椒。,红椒为餐食增添色彩与味道。
piece,n.,/piːs/,块；片,a part of a whole,bit,part,chunk,Have a ______ of cake with tea.,A small ______ of art can brighten a room.,配茶吃一块蛋糕。,一小件艺术品能点亮房间。
plural,n.,/ˈplʊərəl/,复数的,the form used for more than one,more-than-one form,multiple form,plurals,Cats is the ______ of cat.,The ______ of most nouns just adds -s.,Cats 是 cat 的复数。,多数名词的复数只加 -s。
prepare for,phr.,/prɪˈpeə/ /fɔː/,准备,to get ready for something,get ready for,plan for,train for,We ______ the exam all week.,"Schools ______ students for life, not only tests.",我们整周为考试做准备。,学校为学生的人生而非仅为考试做准备。
River Thames,n.,/ˈrɪvə/ /tɛmz/,泰晤士河,a river flowing through London,the Thames,London river,UK river,We walked by the ______ at night.,The ______ has shaped London for centuries.,我们夜晚在泰晤士河畔散步。,泰晤士河塑造伦敦数百年。
roll,v.,/rəʊl/,滚动,to turn over and over,turn,spin,wheel,______ the dough flat with a pin.,Kids ______ down hills for fun.,用擀面杖把面团擀平。,孩子滚下山坡玩耍。
salt,n.,/sɒlt/,盐,a white powder to flavour food,seasoning,sodium,flavour,Add a little ______ to the water.,Too much ______ harms children's health.,往水里加点盐。,过多盐伤害孩子健康。
Saudi Arabia,n.,/ˈsaʊdi/ /əˈreɪbiə/,沙特阿拉伯,a country in the Middle East,the Gulf state,Middle Eastern nation,Arab country,______ is rich in oil and sand.,______ shows how wealth can fund big projects.,沙特阿拉伯富含石油与沙漠。,沙特展示财富如何资助大项目。
shape,n.,/ʃeɪp/,形状；外形,the outer form of something,form,outline,figure,What is the ______ of the cookie?,The ______ of a city affects how people move.,饼干是什么形状？,城市的形状影响人们的出行。
shrimp,n.,/ʃrɪmp/,海虾,a small sea animal you can eat,prawn,crustacean,seafood,We ate ______ with rice and veg.,______ farming gives coastal towns jobs.,我们吃了虾仁配米饭和蔬菜。,虾养殖为沿海小镇提供就业。
singular,n.,/ˈsɪŋɡjələ/,单数的,the form used for one,one form,single form,singulars,Cat is the ______ of cats.,Use the ______ when you mean one thing.,Cat 是 cats 的单数。,指一个东西时用单数。
size,n.,/saɪz/,大小,how big or small something is,dimension,extent,magnitude,What ______ is your new room?,The ______ of a class affects learning.,你的新房间多大？,班级规模影响学习。
slice,n.,/slaɪs/,薄片,a thin piece cut off,piece,cut,wedge,Have a ______ of bread with soup.,A thin ______ of cake is enough for a child.,配汤吃一片面包。,薄薄一片蛋糕对孩子已足够。
snack,n.,/snæk/,点心；小吃,a small amount of food between meals,bite,light meal,nibble,I had a ______ at four o'clock.,A healthy ______ keeps students alert.,我四点吃了点零食。,健康零食让学生保持清醒。
soft,adj.,/sɒft/,软的,not hard; gentle to touch,gentle,tender,smooth,This bed is very ______ and warm.,______ light helps a child sleep at night.,这床非常柔软温暖。,柔和的光帮助孩子夜间入睡。
south,n.,/saʊθ/,南；南方,the direction opposite north,southern,downward,southward,The wind comes from the ______.,Cities in the ______ grow fast today.,风从南边来。,南方的城市如今发展迅速。
soy sauce,n.,/sɔɪ/ /sɔːs/,酱油,a salty dark sauce from beans,soya,seasoning,brown sauce,Dip the dumpling in ______.,A little ______ adds taste without much cost.,把饺子蘸酱油。,一点酱油添味又不贵。
spaghetti,n.,/spəˈɡɛti/,意大利式细面条,long thin pasta,pasta,noodles,strands,We ate ______ with tomato sauce.,______ is a favourite quick meal for teens.,我们吃了番茄酱意面。,意面是青少年喜爱的快捷餐。
spicy,adj.,/ˈspaɪsi/,辛辣的,"with a hot, strong taste",hot,peppery,pungent,The food is too ______ for young kids.,A ______ dish may put off some eaters.,这食物对孩子太辣。,辣菜可能让一些食客却步。
spring onion,n.,/sprɪŋ/ /ˈʌnjən/,葱,a small onion with green leaves,scallion,green onion,onion,Add ______ to the fried rice.,A few ______ give a dish fresh colour.,往炒饭里加葱。,几根葱给菜添清新色彩。
stage,n.,/steɪʤ/,段；步；步骤,a raised floor for shows,platform,scene,theatre,The band is on the ______ now.,A school ______ builds a child's confidence.,乐队现在在舞台上。,学校舞台建立孩子的自信。
tasty,adj.,/ˈteɪsti/,美味的,having a good flavour,delicious,yummy,flavoursome,The soup is ______ and filling.,A ______ meal helps children eat their veg.,汤美味又管饱。,美味的餐食帮助孩子吃下蔬菜。
the United Kingdom,n.,/ðə/ /juːˈnaɪtɪd/ /ˈkɪŋdəm/,英国,a country in western Europe (Britain),the UK,Britain,England,______ has a long and rich history.,The ______ mixes old towns with new ideas.,英国有悠久丰富的历史。,英国把古老城镇与新思想融合。
thousands of,phr.,/ˈθaʊzəndz/ /ɒv/,数以千计；成千上万,a very large number,many,countless,numerous,______ people live in this city.,______ students take the test each year.,成千上万的人住在这座城市。,每年成千上万的学生参加测验。
Tower Bridge,n.,/ˈtaʊə/ /brɪʤ/,塔桥,a famous bridge in London,London bridge,British landmark,river bridge,We saw ______ over the Thames.,______ is a symbol of the city's past.,我们看了泰晤士河上的塔桥。,塔桥是城市过去的象征。
vowel,n.,/vaʊəl/,元音,"a letter a, e, i, o, u",voice sound,letter,sound,"A, E, I are ______ in English.",Learning ______ helps beginners read aloud.,A、E、I 是英语的元音。,学元音帮助初学者朗读。
walkway,n.,/ˈwɔːkweɪ/,人行道,a path made for walking,path,footpath,trail,"Use the ______ to the lake, not the road.",A safe ______ lets children walk to school.,走通往湖边的人行道，别走马路。,安全步道让孩子能走到学校。
across,prep.,/əˈkrɒs/,在……对面；,from one side to the other,over,through,cross,We walked ______ the old bridge.,A new line goes ______ the whole region.,我们走过老桥。,新线路横跨整个地区。
actor,n.,/ˈæktə/,演员,a person who performs in films,performer,player,star,He is a famous ______ in comedies.,A good ______ makes a story feel real.,他是喜剧里的著名演员。,好演员让故事显得真实。
almost,adv.,/ˈɔːlməʊst/,几乎；差不多,nearly; not quite,nearly,about,virtually,It is ______ five o'clock now.,"The work is ______ done, just check it.",快五点了。,工作快做完了，检查一下就好。
alphabet,n.,/ˈælfəbɛt/,字母表,all the letters in their order,ABC,letters,script,Children learn the ______ at age five.,The ______ is the first step to reading.,孩子五岁学字母表。,字母表是阅读的第一步。
architect,n.,/ˈɑːkɪtɛkt/,建筑师,a person who designs buildings,designer,builder planner,planner,The ______ drew the new library.,A good ______ designs schools that feel calm.,建筑师画了新图书馆。,好建筑师设计让人平静的学校。
as soon as possible,phr.,/æz/ /suːn/ /æz/ /ˈpɒsəbəl/,尽快,very soon; without delay,quickly,at once,right away,Please reply ______ to the email.,Report problems ______ so they can be fixed.,请尽快回复邮件。,尽快报告问题以便修复。
attention,n.,/əˈtɛnʃən/,注意力；留心,careful looking or listening,care,focus,notice,Please pay ______ to the teacher.,A short video wins students' ______ quickly.,请注意听老师讲。,短视频能迅速赢得学生注意。
bank,n.,/bæŋk/,银行,a place where people keep money,lender,money house,savings,I went to the ______ to open an account.,A local ______ helps small shops grow.,我去银行开账户。,本地银行帮助小店成长。
because of,phr.,/bɪˈkɒz/ /ɒv/,因为,caused by something,due to,owing to,on account of,We stayed in ______ the heavy rain.,Cities slow down ______ bad weather.,因为大雨我们待在家里。,城市因恶劣天气而放缓。
Birmingham,n.,/ˈbɜːmɪŋəm/,伯明翰,a large city in England,UK city,English city,Midlands city,______ is known for its industry.,______ shows how a city can rebuild after decline.,伯明翰以工业闻名。,伯明翰展示城市如何在衰落后重建。
close to,phr.,/kləʊz/ /tuː/,几乎；接近,near; not far from,near,by,next to,The school is ______ my home.,Living ______ school saves travel time.,学校离我家很近。,住得离学校近节省通勤时间。
club,n.,/klʌb/,社团,a group with a shared interest,group,society,team,I joined the art ______ this term.,A school ______ helps shy kids find friends.,这学期我加入了美术社。,学校社团帮害羞的孩子交朋友。
comparative,n.,/kəmˈpærətɪv/,比较级的,the form that compares two,comparing form,-er form,comparison,Bigger is the ______ of big.,"The ______ shows difference, not just size.",Bigger 是 big 的比较级。,比较级显示差异而不只是大小。
crowded,adj.,/ˈkraʊdɪd/,拥挤的,full of many people,packed,full,busy,The train was very ______ at eight.,A ______ city needs good public transport.,八点的火车非常拥挤。,拥挤的城市需要好的公共交通。
customer,n.,/ˈkʌstəmə/,顾客；主顾；客户,a person who buys things,buyer,shopper,client,The ______ paid by card at the till.,A happy ______ returns to the same shop.,顾客在收银台刷卡付款。,满意的顾客会回到同一家店。
decide on,phr.,/dɪˈsaɪd/ /ɒn/,决定；选定,to choose after thinking,choose,settle on,pick,We ______ a blue car at last.,Families should ______ a school together.,我们最终选定一辆蓝色的车。,家庭应一起选定学校。
delay,n.,/dɪˈleɪ/,推迟,a late start or arrival,late,postpone,wait,The ______ was ten minutes long.,A small ______ can spoil a whole trip.,延误了十分钟。,小小的延误会毁掉整段旅程。
department store,n.,/dɪˈpɑːtmənt/ /stɔː/,百货商店,a big shop with many sections,store,shop,retail,We met at the ______ entrance.,A ______ offers one-stop shopping for families.,我们在百货商店门口碰面。,百货商店提供一站式家庭购物。
details,n.,/ˈdiːteɪlz/,细节（复数）,small facts about something,facts,particulars,information,Tell me the ______ of the plan.,Clear ______ help parents trust a school.,告诉我计划的细节。,清晰的细节让家长信任学校。
except,prep.,/ɪkˈsɛpt/,除……之外,not including; but not,but,apart from,excluding,All came ______ him today.,"All came ______ him, who was ill.",除了他今天都来了。,除了生病的他，其他人都来了。
exhibition,n.,/ˌɛksɪˈbɪʃən/,展览,a public show of works,show,display,fair,We saw an art ______ at school.,A free ______ opens culture to the public.,我们在学校看了艺术展。,免费展览向公众开放文化。
full of energy,phr.,/fʊl/ /ɒv/ /ˈɛnəʤi/,充满活力,very lively and active,lively,energetic,active,The children were ______ after rest.,A ______ class learns more in less time.,孩子们休息后精力充沛。,精力充沛的班级用时少学得多。
full of light,phr.,/fʊl/ /ɒv/ /laɪt/,光线充分,very bright with light,bright,lit,sunny,The new room was ______ and warm.,A classroom ______ helps students focus.,新房间明亮又温暖。,明亮的教室帮助学生专注。
guidebook,n.,/ˈɡaɪdbʊk/,旅行指南,a book that guides visitors,guide,handbook,travel book,We bought a ______ of the city.,A good ______ saves time on a trip.,我们买了一本城市指南。,好指南节省旅行时间。
Italian,adj.,/ɪˈtæljən/,意大利的,from or of Italy,from Italy,of Italy,European,She speaks ______ with her friend.,______ food is loved across the world.,她和朋友讲意大利语。,意大利食物受全世界喜爱。
jewellery,n.,/ˈʤuːəlri/,珠宝,small pretty things worn on the body,gems,ornaments,accessories,She wore gold ______ to the party.,Fake ______ lets teens try new styles.,她戴着金首饰去派对。,仿首饰让青少年尝试新风格。
kilometre,n.,/kɪˈlɒmɪtə/,千米；公里,a measure of one thousand metres,km,1000 metres,klick,The lake is two ______ from here.,A ______ of safe path invites people to walk.,湖离这里两公里。,一公里安全步道吸引人们步行。
label,n.,/ˈleɪbəl/,标签,a small tag with words on it,tag,sticker,mark,Read the ______ on the bottle first.,A clear ______ tells you what is inside.,先读瓶子上的标签。,清晰的标签告诉你里面是什么。
league,n.,/liːɡ/,联赛,a group of sports teams,division,group,association,Our team joined the school ______.,A local ______ brings towns together.,我们队加入了校联赛。,本地联赛把城镇连在一起。
library,n.,/ˈlaɪbrəri/,图书馆,a place with books to borrow,book room,reading room,archive,We study in the school ______.,A good ______ is free for every child.,我们在学校图书馆学习。,好的图书馆对每个孩子免费。
lift,n.,/lɪft/,电梯；升降机,a box that moves up and down,elevator,hoist,rise,Take the ______ to the third floor.,A step-free ______ helps older people.,乘电梯到三楼。,无障碍电梯帮助老人。
low,adj.,/ləʊ/,低,not high; small in amount,small,little,short,The price is very ______ today.,A ______ birth rate worries many countries.,今天价格很低。,低出生率让许多国家担忧。
Manchester,n.,/ˈmænʧɛstə/,曼彻斯特,a large city in England,UK city,English city,Northern city,______ is famous for its two football clubs.,______ shows how industry can become culture.,曼彻斯特以两家足球俱乐部闻名。,曼彻斯特展示工业如何化为文化。
message,n.,/ˈmɛsɪʤ/,（书面/口头）信息,words sent to another person,note,text,word,I left a ______ on your desk.,A kind ______ supports a friend in need.,我在你桌上留了言。,善意的留言支持有需要的朋友。
metre,n.,/ˈmiːtə/,米,a measure of length (about a step),meter,yard (approx),unit,The pool is twenty-five ______ long.,A ______ of green space lifts a city's mood.,泳池有二十五米长。,一米绿地提升城市情绪。
motorbike,n.,/ˈməʊtəbaɪk/,摩托车,a two-wheel vehicle with an engine,motorcycle,bike,scooter,He rides a ______ to work.,A ______ uses less fuel than a car.,他骑摩托车上班。,摩托车比汽车省油。
motorway,n.,/ˈməʊtəweɪ/,高速公路,a fast big road for cars,highway,freeway,expressway,The ______ was busy at eight.,A new ______ cuts travel time between cities.,高速公路八点很忙。,新高速缩短城市间通行时间。
neighbour,n.,/ˈneɪbə/,邻居,a person living near you,neighbor,nearby person,resident,Our ______ is very kind and helpful.,A good ______ makes a street feel safe.,我们的邻居很热心。,好邻居让街道更安全。
Nobel prize,n.,/nəʊˈbɛl/ /praɪz/,诺贝尔奖,a famous world award,award,honour,medal,She won the ______ for peace.,A ______ inspires young scientists.,她获得诺贝尔和平奖。,诺贝尔奖激励年轻科学家。
noisy,adj.,/ˈnɔɪzi/,吵闹的,full of loud sound,loud,boisterous,raucous,The street is very ______ at night.,A ______ class makes learning hard.,街道夜晚很吵。,嘈杂的教室让学习变难。
north,n.,/nɔːθ/,北；北方,the direction toward the top,northern,upward,northward,Birds fly ______ in the spring.,Wind from the ______ brings cold air.,鸟春天往北飞。,北风带来冷空气。
notice,v.,/ˈnəʊtɪs/,通告；布告,to see or become aware of,see,observe,spot,Did you ______ the new shop?,Teachers should ______ a quiet child.,你注意到那家新店了吗？,老师应注意安静的孩子。
on,prep.,/ɒn/,（开；使用中；工作中）,touching the top of something,upon,atop,above,The book is ______ the table now.,A city built ______ a hill is easy to defend.,书在桌子上。,建在山上的城市易守难攻。
option,n.,/ˈɒpʃən/,选项,a choice you can take,choice,alternative,pick,We have three ______ to pick.,Free school ______ helps families find fit.,我们有三个选项可选。,自由择校帮助家庭找到合适的。
parcel,n.,/ˈpɑːsəl/,包裹,a thing wrapped to send,package,box,bundle,I posted a ______ to my aunt.,A lost ______ can delay an important gift.,我寄了个包裹给姑姑。,丢失的包裹会延误重要的礼物。
parking,n.,/ˈpɑːkɪŋ/,停车,leaving a car in a place,car space,stopping,bays,The ______ is full near the school.,Good ______ keeps a street clear.,学校附近停车位满了。,好的停车规划保持街道畅通。
passenger,n.,/ˈpæsɪnʤə/,乘客；旅客,a person riding in a vehicle,rider,traveller,commuter,The ______ sat by the window.,A ______ should wear a seat belt.,乘客坐在窗边。,乘客应系安全带。
pen-friend,n.,/ˈpɛnfrɛnd/,笔友,a friend you write letters to,pen pal,correspondent,mail friend,I have a ______ in France.,A ______ builds cross-country friendship.,我有个法国笔友。,笔友建立跨国友谊。
petrol,n.,/ˈpɛtrəl/,汽油,fuel used by most cars,gas,fuel,gasoline,We need ______ for the long trip.,High ______ prices change how people travel.,长途旅行我们需要汽油。,高油价改变人们的出行方式。
pharmacy,n.,/ˈfɑːməsi/,药店,a shop where you buy medicine,chemist,drugstore,dispensary,Go to the ______ for the medicine.,A 24-hour ______ helps in an emergency.,去药房买药。,24小时药房在急救时有用。
pilot,n.,/ˈpaɪlət/,飞行员,a person who flies a plane,flyer,aviator,captain,The ______ opened the cabin door.,A calm ______ keeps passengers safe.,飞行员打开舱门。,冷静的飞行员保障乘客安全。
planet,n.,/ˈplænɪt/,行星,a large world in space,world,earth,globe,Earth is our home ______.,We must protect our ______ from harm.,地球是我们的家园星球。,我们必须保护地球免受伤害。
platform,n.,/ˈplætfɔːm/,站台,a flat place where trains stop,stage,deck,boarding area,Wait on the ______ for your train.,A clear ______ helps crowds move safely.,在站台等你的火车。,清晰的站台帮助人群安全移动。
pleased,adj.,/pliːzd/,高兴；满意；愉快,happy about something,happy,glad,satisfied,I am ______ with my exam score.,A ______ parent encourages a child more.,我对考试成绩很满意。,满意的家长更鼓励孩子。
post office,n.,/pəʊst/ /ˈɒfɪs/,邮局,a place to send letters and parcels,mail office,post,letter office,I went to the ______ before noon.,A local ______ serves a whole neighbourhood.,我中午前去邮局。,本地邮局服务整个社区。
postcode,n.,/ˈpəʊstkəʊd/,邮政编码,letters and numbers for an area,zip code,area code,mail code,"What is your ______, please?",A ______ helps deliver mail to the right door.,请问你的邮政编码是多少？,邮政编码把邮件送到正确的门。
price,n.,/praɪs/,价格,the amount paid for something,cost,charge,fee,The ______ is written on the tag.,A fair ______ builds trust with customers.,价格写在标签上。,公道的价格建立顾客信任。
prize,n.,/praɪz/,奖赏；奖品,something won in a contest,award,reward,trophy,He won a ______ in the contest.,A small ______ can motivate a shy child.,他在比赛中获奖。,小奖品能激励害羞的孩子。
racket,n.,/ˈrækɪt/,球拍,a tool used to hit a ball,bat,paddle,club,He bought a new tennis ______.,A good ______ improves a beginner's game.,他买了支新网球拍。,好球拍提升初学者的水平。
square,n.,/skweə/,广场,an open place in the middle of a town,plaza,piazza,court,We met in the ______ by the fountain.,A lively ______ is the heart of a city.,我们在喷泉旁的广场碰面。,热闹的广场是城市的心脏。
stadium,n.,/ˈsteɪdiəm/,体育场,a big place to watch sports,arena,ground,park,The ______ holds fifty thousand fans.,A new ______ can renew a tired district.,体育场能容纳五万观众。,新体育场能复兴老旧城区。
staff,n.,/stɑːf/,全体员工,the people who work in a place,workers,team,crew,The ______ are very helpful and kind.,Good ______ make a school feel welcoming.,员工很热心。,好员工让学校亲切。
statue,n.,/ˈstæʧuː/,雕像,a model of a person made in stone,figure,monument,sculpture,There is a ______ in the park.,A old ______ tells a city's story.,公园里有座雕像。,老雕像讲述城市的故事。
suggestion,n.,/səˈʤɛsʧən/,建议；提议,an idea that someone offers,idea,proposal,tip,He made a good ______ for the trip.,A student's ______ can improve a school.,他提出了一个好建议。,学生的建议能改善学校。
superlative,n.,/suːˈpɜːlətɪv/,最高级的,the form used for the most,best form,-est form,top form,Biggest is the ______ of big.,The ______ shows the top of a group.,Biggest 是 big 的最高级。,最高级表示群体中的顶端。
surprising,adj.,/səˈpraɪzɪŋ/,令人意外的,not expected; odd,unexpected,odd,strange,The result was ______ to everyone.,A ______ fact makes a class sit up.,结果出乎所有人意料。,惊人的事实让全班坐直。
text,n.,/tɛkst/,文本,written words on a page,words,writing,message,Read the ______ on the screen.,A short ______ is easier to remember.,读屏幕上的文字。,短文更易记住。
the underground,n.,/ði/ /ˈʌndəɡraʊnd/,地铁,a train system below a city,subway,metro,tube,We took ______ to the centre.,A clean ______ reduces street traffic.,我们乘地铁去市中心。,干净的地铁减少路面交通。
theatre,n.,/ˈθɪətə/,剧院，戏院；电影院,a place to watch plays,playhouse,stage,cinema,We saw a play at the ______.,A school ______ builds confidence in teens.,我们在剧院看了一出戏。,学校剧院建立青少年的自信。
thin,adj.,/θɪn/,薄的，细的，瘦的,not fat; narrow,slim,slender,narrow,The book is very ______ and light.,A ______ wall lets sound through.,书很薄很轻。,薄墙传声。
toilet,n.,/ˈtɔɪlət/,厕所，抽水马桶,a small room for washing and going,restroom,bathroom,WC,Where is the ______ in this building?,A clean ______ is a sign of a good school.,这栋楼厕所在哪？,干净的厕所是好学校的标志。
traffic,n.,/ˈtræfɪk/,交通,cars and buses moving on roads,cars,vehicles,transport,The ______ was heavy at eight.,Less ______ means cleaner city air.,八点交通很拥堵。,更少车流意味着更清洁的城市空气。
vocabulary,n.,/vəˈkæbjələri/,词汇,all the words you know,words,lexicon,terms,Read to grow your ______.,A strong ______ helps in every subject.,阅读能扩大词汇量。,扎实的词汇量对各科都有帮助。
vote,v.,/vəʊt/,投票,to choose in an election,elect,choose,poll,We ______ for the class captain.,Young people should learn to ______ well.,我们投票选班长。,年轻人应学会好好投票。
weight,n.,/weɪt/,重量,how heavy something is,heaviness,mass,load,What is the ______ of the box?,A healthy ______ needs good food and play.,箱子有多重？,健康体重需要好食物与玩耍。
western,adj.,/ˈwɛstən/,西方的；西方国家的,from or of the west,west,occidental,left-side,The ______ part of town is older.,The ______ world shaped much modern science.,城西更老。,西方世界塑造了许多现代科学。
whole,adj.,/həʊl/,整个的；全部的,all of; complete,entire,full,total,I ate the ______ cake by myself.,The ______ class went on the trip.,我一个人吃了整个蛋糕。,全班去了旅行。
ability,n.,/əˈbɪləti/,才能；能力,power to do something,skill,power,capacity,She has the ______ to learn fast.,Every child has a special ______.,她有快速学习的能力。,每个孩子都有特殊能力。
advertisement,n.,/ədˈvɜːtɪsmənt/,广告,a public notice to sell something,ad,commercial,notice,I saw an ______ for a new phone.,A clear ______ helps people choose well.,我看到了新手机的广告。,清晰的广告帮助人们选好。
anyone,pron.,/ˈɛniwʌn/,任何人,any person at all,anybody,someone,a person,______ can join the club for free.,______ can learn to code today.,任何人都可免费加入社团。,如今任何人都可编程。
application form,n.,/ˌæplɪˈkeɪʃən/ /fɔːm/,申请表,a paper used to ask for something,form,request,sign-up,Fill in the ______ with your name.,A simple ______ lowers the bar to join.,在申请表上填你的名字。,简单的申请表降低参与门槛。
appropriate,adj.,/əˈprəʊpriət/,恰当的,right and suitable for a case,suitable,fitting,proper,Wear ______ clothes for PE class.,An ______ reply shows good manners.,体育课穿合适的衣服。,得体的回复显出好礼貌。
believe,v.,/bɪˈliːv/,相信,to think something is true,think,trust,feel,I ______ he is an honest person.,We should ______ in our own progress.,我相信他是个诚实的人。,我们应相信自己的进步。
burn,v.,/bɜːn/,燃烧；烧,to be hurt by fire or heat,scorch,singe,char,Don't ______ your hand on the pan.,Cooks must not ______ the food they serve.,别烫到手。,厨师不能把要做的食物烧焦。
career,n.,/kəˈrɪə/,事业,the work you do for many years,job,profession,work,She plans a ______ in medicine.,A clear ______ goal motivates study.,她规划从事医学职业。,清晰的职业目标激励学习。
cash desk,n.,/kæʃ/ /dɛsk/,收银台,a place to pay in a shop,checkout,till,counter,Pay at the ______ before you leave.,A fast ______ keeps a shop moving.,离开前在收银台付款。,快捷的收银台让商店运转顺畅。
challenge,n.,/ˈʧælɪnʤ/,向（某人）挑战,something hard to do well,task,problem,test,Finishing the book was a ______.,A real ______ helps a child grow.,读完这本书是个挑战。,真正的挑战帮助孩子成长。
channel,n.,/ˈʧænəl/,电视频道,a TV station; also a waterway,station,network,waterway,Which ______ shows the news?,A local ______ shares a town's own stories.,哪个频道播新闻？,本地频道分享小镇自己的故事。
community,n.,/kəˈmjuːnəti/,社区,people living in one area,society,neighbourhood,public,Our ______ is friendly and safe.,A strong ______ supports every family.,我们的社区友好又安全。,强大的社区支持每个家庭。
computer,n.,/kəmˈpjuːtə/,计算机，电脑,a machine that processes data,PC,laptop,device,I did my homework on the ______.,A ______ at home opens a world of learning.,我在电脑上做作业。,家里的电脑打开学习世界。
confident,adj.,/ˈkɒnfɪdənt/,自信的；有自信心的,sure of yourself and your skills,sure,certain,bold,She is ______ about the test.,A ______ child tries harder tasks.,她对考试很有信心。,自信的孩子尝试更难的题。
contact,v.,/ˈkɒntækt/,联系,to reach someone by phone or mail,reach,call,message,Please ______ me by email tonight.,Parents should ______ teachers often.,请今晚用邮件联系我。,家长应常联系老师。
cousin,n.,/ˈkʌzən/,堂表,a child of your aunt or uncle,relative,kin,family,My ______ lives in another city.,A ______ can be a lifelong friend.,我的表亲住在另一座城市。,表亲可以是终生的朋友。
develop,v.,/dɪˈvɛləp/,加强；增强,to grow or improve over time,grow,build,improve,Children ______ fast at this age.,Cities ______ when people invest in them.,孩子在这个年纪长得快。,当人们投资城市，城市便发展。
dinner,n.,/ˈdɪnə/,晚餐,the main meal in the evening,supper,meal,feast,We had ______ at seven o'clock.,A family ______ builds closer bonds.,我们七点吃晚饭。,家庭晚餐拉近亲情。
discover,v.,/dɪˈskʌvə/,发现；找到；发觉,to find something new,find,learn,uncover,We ______ a small park nearby.,Scientists ______ new facts through tests.,我们发现附近有个小公园。,科学家通过实验发现新事实。
earn,v.,/ɜːn/,挣得,to get money for work,make,gain,get,He ______ ten pounds an hour.,Teens who ______ learn the value of money.,他一小时挣十英镑。,赚钱的青少年懂得钱的价值。
easily,adv.,/ˈiːzəli/,容易地,without difficulty,simply,readily,without trouble,She ______ won the game.,A clear rule is ______ followed by all.,她轻松赢了比赛。,清晰的规则人人容易遵守。
enthusiasm,n.,/ɪnˈθjuːziæzəm/,热情,strong excited interest,eagerness,passion,zeal,He shows ______ for science.,A teacher's ______ spreads to students.,他对科学表现出热情。,老师的热情会感染学生。
even,adv.,/ˈiːvən/,甚至,still; to a greater degree,still,also,too,It was ______ raining at noon.,Some cities are ______ building upwards.,中午甚至还在下雨。,一些城市甚至向上建楼。
get paid for sth,phr.,/ɡɛt/ /peɪd/ /fɔː/ sth,因某事物而得到报酬,to receive money for an action,be paid for,earn from,be given money for,He ______ his help at the shop.,Teens who ______ learn real work.,他因在店里帮忙而获得报酬。,因帮忙而获酬的青少年学到真正的工作。
grammar,n.,/ˈɡræmə/,语法,the rules of a language,rules,syntax,structure,We study ______ in every class.,Good ______ helps you write clearly.,我们每节课都学语法。,好的语法帮助清晰写作。
guard,v.,/ɡɑːd/,守卫；保卫,to protect from harm,protect,defend,watch,The dog ______ the house at night.,A wall ______ the town from the wind.,狗夜里看守房子。,城墙挡风保护城镇。
guard against,phr.,/ɡɑːd/ /əˈɡɛnst/,防止；提防,to try to prevent something bad,defend against,protect from,prevent,We must ______ mistakes in the test.,Cities must ______ floods with good drains.,我们必须防止考试出错。,城市须用良好排水防止洪水。
guest,n.,/ɡɛst/,客人；宾客,a visitor you welcome,visitor,invitee,caller,We had a ______ for dinner.,A polite ______ respects house rules.,我们有客人来吃晚饭。,礼貌的客人尊重家规。
helpful,adj.,/ˈhɛlpfəl/,有用的；有帮助的,willing to give help,kind,useful,supportive,The teacher is very ______ and patient.,A ______ neighbour makes life easier.,老师很乐于助人且有耐心。,热心的邻居让生活更轻松。
history,n.,/ˈhɪstəri/,历史,events of the past,past,story,record,I like ______ because it tells real stories.,A city's ______ shapes its people.,我喜欢历史，因为它讲真实的故事。,城市的历史塑造其人民。
lifeguard,n.,/ˈlaɪfɡɑːd/,救生员,a person who saves swimmers,rescuer,saver,watcher,The ______ watched the pool closely.,A trained ______ prevents pool accidents.,救生员紧盯着泳池。,训练有素的救生员防止泳池事故。
mark,n.,/mɑːk/,符号；记号,a point given for work; a sign,score,note,grade,He got a full ______ on the quiz.,A fair ______ motivates a student to try.,他测验得了满分。,公平的分数为学生努力提供动力。
maths,n.,/mæθs/,数学,the study of numbers and shapes,mathematics,arithmetic,numbers,We have ______ right after break.,Good ______ skills help in daily life.,我们休息后马上上数学。,好的数学能力有助于日常生活。
meeting,n.,/ˈmiːtɪŋ/,会议,a planned talk with people,gathering,session,get-together,We had a ______ about the trip.,A short ______ can solve a big problem.,我们开了关于旅行的会。,短会能解决大问题。
memory,n.,/ˈmɛməri/,回忆；记忆,the power to remember things,recall,mind,recollection,She has a good ______ for names.,A strong ______ helps in every exam.,她记名字的记性很好。,好记性对每场考试都有帮助。
musical instrument,n.,/ˈmjuːzɪkəl/ /ˈɪnstrəmənt/,乐器,a thing used to make music,instrument,music tool,device,He plays a ______ in the band.,A ______ teaches patience to a child.,他在乐队里演奏乐器。,乐器教孩子耐心。
offer,v.,/ˈɒfə/,主动提出,to give or propose something,give,provide,present,They ______ help to newcomers.,A kind act can ______ hope to others.,他们向新来的人提供帮助。,善举能给他人带来希望。
offer sth to sb,phr.,/ˈɒfə/ sth /tuː/ sb,提供某物给某人,to give something to someone,give to,present to,hand to,She ______ a seat ______ the old man.,Good manners ______ a seat to those in need.,她给老人让座。,好礼貌是给有需要的人让座。
opportunity,n.,/ˌɒpəˈʧuːnəti/,机会,a chance to do something,chance,opening,occasion,This is a good ______ to learn.,Travel is a rare ______ for young people.,这是学习的好机会。,旅行是年轻人难得的机会。
part of,phr.,/pɑːt/ /ɒv/,……的一部分,a piece of a whole,piece of,section of,bit of,This is ______ the school plan.,Clean air is ______ a healthy city.,这是学校计划的一部分。,清洁空气是健康城市的一部分。
pass by,phr.,/pɑːs/ /baɪ/,通过；经过,to go past something,go past,pass,walk by,We ______ the old church on the way.,"Years ______, but the town stays the same.",我们路上经过老教堂。,岁月流逝，小镇依旧。
piano,n.,/piˈænəʊ/,钢琴,a big musical instrument with keys,keyboard,instrument,grand,She plays the ______ every evening.,A ______ calms a busy mind.,她每晚弹钢琴。,钢琴安抚忙碌的心。
receptionist,n.,/rɪˈsɛpʃənɪst/,接待员,a person who greets at a desk,greeter,clerk,desk staff,The ______ answered the phone politely.,A friendly ______ welcomes every visitor.,接待员礼貌地接了电话。,友好的接待员欢迎每位访客。
remember,v.,/rɪˈmɛmbə/,记得,to keep in the mind,recall,keep in mind,not forget,I ______ his name and face.,A diary helps you ______ good times.,我记得他的名字和长相。,日记帮你记住美好时光。
sale,n.,/seɪl/,销售；销售额,selling things; lower prices,selling,discount,trade,The ______ ends today at six.,A big ______ draws crowds to a shop.,促销今天六点结束。,大促销吸引人群到店。
sales assistant,n.,/seɪlz/ /əˈsɪstənt/,店员,a person who serves in a shop,shop assistant,clerk,seller,The ______ helped me find a shirt.,A good ______ knows the products well.,售货员帮我找衬衫。,好售货员熟悉商品。
sentence,n.,/ˈsɛntəns/,句子,a group of words with meaning,statement,line,phrase,Write a ______ with this new word.,A short ______ is easier to remember.,用这个新词造个句子。,短句更易记住。
show,v.,/ʃəʊ/,节目，演出,to let someone see something,display,present,reveal,Please ______ me your photo.,Data can ______ a city's real needs.,请给我看你的照片。,数据能展示城市真正的需求。
simple,adj.,/ˈsɪmpəl/,简单的,easy; not complex,easy,plain,basic,The rule is very ______ to follow.,A ______ life can be a happy one.,规则很容易遵守。,简单的生活可以很幸福。
since,prep.,/sɪns/,从后；自…,from a time in the past; because,from,as,because,I have lived here ______ Monday.,"______ cities grew, villages lost people.",我从周一起住在这里。,自城市发展，乡村失去人口。
sport,n.,/spɔːt/,体育运动,a game needing physical skill,game,exercise,activity,Football is my favourite ______.,A team ______ teaches cooperation.,足球是我最爱的运动。,团队运动教合作。
structure,n.,/ˈstrʌkʧə/,结构,the way parts are arranged,form,frame,build,The ______ of the essay is clear.,Good ______ makes a city easy to use.,文章结构清晰。,好结构让城市好用。
subject,n.,/ˈsʌbʤɪkt/,科目,a topic studied at school,topic,lesson,course,My favourite ______ is art.,Every ______ builds a part of you.,我最爱的科目是美术。,每门科目塑造你的一部分。
team,n.,/tiːm/,队,a group working toward a goal,group,crew,side,We are a strong ______ at school.,A good ______ wins through trust.,我们在学校是个强队。,好团队靠信任取胜。
technology,n.,/tɛkˈnɒləʤi/,科技；工艺,tools and machines from science,tech,science tools,devices,______ changes how we learn.,______ can close the gap between schools.,科技改变我们的学习方式。,科技能缩小校际差距。
tourist attraction,n.,/ˈtʊərɪst/ /əˈtrækʃən/,旅游景点,a place visitors want to see,sight,landmark,highlight,The old tower is a famous ______.,A free ______ serves the whole city.,老塔是著名旅游景点。,免费景点服务整座城市。
understand,v.,/ˌʌndəˈstænd/,懂；理解,to know the meaning of,get,grasp,see,"I ______ the question now, thanks.","To ______ others, we must listen.",我现在明白这个问题了，谢谢。,要理解他人，我们必须倾听。
village,n.,/ˈvɪlɪʤ/,村庄,a very small town,small town,hamlet,community,He grew up in a quiet ______.,A ______ keeps old ways alive.,他在安静的村庄长大。,村庄保留古老的方式。
waiter,n.,/ˈweɪtə/,男服务员,a man who serves food in a cafe,server,attendant,staff,The ______ brought the menu.,A kind ______ makes a meal pleasant.,服务员拿来菜单。,友善的服务员让用餐愉快。
wide,adj.,/waɪd/,宽的；宽阔的,measuring much from side to side,broad,large,spacious,The road is very ______ and safe.,A ______ path invites people to walk.,路很宽也很安全。,宽路吸引人们步行。
according to,phr.,/əˈkɔːdɪŋ/ /tuː/,据（...所说）,as said or written by,as stated by,per,based on,"______ the news, it will rain.","______ the report, reading scores rose.",据新闻说，会下雨。,据报告，阅读分数上升了。
agree,v.,/əˈɡriː/,同意,to have the same view,concur,accept,say yes,I ______ with your good idea.,Most people ______ on the need for parks.,我同意你的好主意。,多数人同意需要公园。
air,n.,/eə/,空气,the gas we breathe,wind,atmosphere,sky,The ______ is fresh by the sea.,Clean ______ is a right of every citizen.,海边空气清新。,清洁空气是每位市民的权利。
break,n.,/breɪk/,休息,a short pause from work,pause,rest,split,We had a ______ at noon.,A short ______ helps students refocus.,我们中午休息了一下。,短休息帮助学生重新专注。
clear,adj.,/klɪə/,晴朗的；清晰的,easy to see or understand,plain,obvious,bright,The water is ______ and clean.,A ______ rule is fair to everyone.,水清澈干净。,清晰规则对人人公平。
clearly,adv.,/ˈklɪəli/,清楚地,in a way easy to see or hear,plainly,obviously,well,She spoke ______ to the class.,A good chart shows data ______.,她对着全班讲得很清楚。,好图表清晰展示数据。
common,adj.,/ˈkɒmən/,常见的；普通的,happening often; shared,usual,frequent,shared,This is a ______ mistake for beginners.,A ______ goal unites a community.,这是初学者的常见错误。,共同目标团结社区。
continue,v.,/kənˈtɪnjuː/,持续；继续存在,to keep going without stop,go on,proceed,carry on,Please ______ reading the text.,Cities must ______ to cut waste.,请继续读课文。,城市必须继续减少浪费。
courage,n.,/ˈkʌrɪʤ/,勇气；胆量,bravery to face fear,bravery,nerve,boldness,It takes ______ to speak up.,It takes ______ to try something new.,发声需要勇气。,尝试新事物需要勇气。
deep,adj.,/diːp/,深的,far down; strong in feeling,profound,low,strong,The lake is very ______ and cold.,A ______ talk builds real trust.,湖很深很冷。,深入的谈话建立真正的信任。
disagree,v.,/ˌdɪsəˈɡriː/,不同意,to have a different view,differ,object,not agree,"I ______ with that point, sorry.",Friends may ______ and still be close.,我不同意那一点，抱歉。,朋友可以意见不同却仍亲密。
disagree with,phr.,/ˌdɪsəˈɡriː/ /wɪð/,不同意；持不同意见,to hold a different view from,differ from,object to,not side with,I ______ his plan to cut parks.,"A few may ______ the new rule, and that is fine.",我不同意他削减公园的计划。,少数人可能不同意新规，这没关系。
discount,n.,/ˈdɪskaʊnt/,折扣,a lower price than usual,reduction,cut,saving,We got a ten percent ______.,A student ______ helps poor families.,我们打了九折。,学生折扣帮助贫困家庭。
do exercise,phr.,/duː/ /ˈɛksəsaɪz/,锻炼；运动,to move the body for health,work out,train,get active,I ______ every morning at home.,Children should ______ to grow strong.,我每天早晨在家锻炼。,孩子应锻炼以强壮成长。
due to,phr.,/djuː/ /tuː/,由于，因为,caused by something,because of,owing to,from,The match was off ______ the rain.,"______ climate change, seas are rising.",比赛因雨取消。,由于气候变化，海平面上升。
exercise,n.,/ˈɛksəsaɪz/,锻炼,activity that keeps you healthy,workout,training,movement,______ keeps your body and mind fit.,Daily ______ prevents many illnesses.,锻炼让身心健康。,每日锻炼预防许多疾病。
final,adj.,/ˈfaɪnəl/,最后的,last; deciding everything,last,ending,ultimate,This is the ______ test of the term.,The ______ score decides the winner.,这是学期最后一次测验。,最终比分决定胜者。
fit,adj.,/fɪt/,健壮的；健康的,healthy and strong,healthy,strong,in shape,He is very ______ for his age.,A ______ child enjoys outdoor play.,他这个年纪很健壮。,健壮的孩子享受户外玩耍。
free,adj.,/friː/,免费的,costing nothing; not busy,no cost,at no charge,unoccupied,The museum is ______ on Sundays.,A ______ park belongs to everyone.,博物馆周日免费。,免费的公园属于所有人。
fresh,adj.,/frɛʃ/,新鲜的,"new, clean and not old",new,clean,recent,Eat ______ fruit every day.,______ air in a city needs green space.,每天要吃新鲜水果。,城市的新鲜空气需要绿地。
fruit,n.,/fruːt/,水果,sweet food that grows on plants,produce,food,crop,Apples are my favourite ______.,Local ______ cuts transport and waste.,苹果是我最爱的水果。,本地水果减少运输与浪费。
funny,adj.,/ˈfʌni/,滑稽的；好笑的,causing laughter,humorous,amusing,comic,The film was really ______ and light.,A ______ story helps a class relax.,电影真的好笑又轻松。,好笑的故事帮助班级放松。
go for a walk,phr.,/ɡəʊ/ /fɔːr/ /ə/ /wɔːk/,去散步,to walk for pleasure,take a walk,stroll,walk,We ______ after dinner together.,Families that ______ stay close.,我们饭后一起散步。,一起散步的家庭关系亲密。
health,n.,/hɛlθ/,健康,the state of the body and mind,well-being,fitness,condition,Good ______ needs sleep and food.,Public ______ is a duty of the city.,健康需要睡眠与食物。,公共健康是城市的职责。
healthy,adj.,/ˈhɛlθi/,健康的,strong and not often ill,fit,well,strong,A ______ child plays outside daily.,A ______ city plans for clean air.,健康的孩子每天在户外玩耍。,健康的城市规划清洁空气。
idea,n.,/aɪˈdɪə/,想法,a thought or plan in the mind,thought,plan,notion,That is a good ______ for the trip.,A small ______ can change a school.,那是个旅行的好主意。,一个小主意能改变学校。
illness,n.,/ˈɪlnəs/,（某种）病,a state of being sick,sickness,disease,poor health,The ______ kept him home from school.,Clean water prevents many ______.,生病让他待在家里没上学。,清洁水预防许多疾病。
in the present,phr.,/ɪn/ /ðə/ /ˈprɛzənt/,现在,now; at this time,now,at present,today,"______, we live in a busy city.","______, cities grow faster than ever.",如今我们住在一座繁忙的城市。,如今城市发展快过以往。
instead,adv.,/ɪnˈstɛd/,代替；顶替,in place of; rather,rather,as a replacement,alternatively,We walked ______ of taking the bus.,He read a book ______ of watching TV.,我们步行而不是乘公交。,他看书而不是看电视。
instead of,phr.,/ɪnˈstɛd/ /ɒv/,代替；作为替换,in place of something,rather than,in place of,not,Read a book ______ playing games.,Cook at home ______ buying takeaway.,看书而不是玩游戏。,在家做饭而不是买外卖。
lamp,n.,/læmp/,灯,a thing that gives light,light,lantern,bulb,Turn on the ______ by your bed.,A warm ______ helps a child read at night.,打开你床边的灯。,暖灯帮助孩子夜间阅读。
lifestyle,n.,/ˈlaɪfstaɪl/,生活方式,the way a person lives,way of life,living,habits,He has a healthy ______ and diet.,A city's ______ affects its health costs.,他生活健康、饮食规律。,城市的生活方式影响医疗开支。
make a difference,phr.,/meɪk/ /ə/ /ˈdɪfərəns/,有作用；有影响,to cause a real change,change things,matter,have an effect,One small act can ______.,One small act can ______.,一个小举动能带来改变。,一个小举动能带来改变。
medicine,n.,/ˈmɛdsən/,药物,a drug that treats illness,drug,cure,treatment,Take the ______ after meals.,Clean water is the best ______ for many ills.,饭后服药。,清洁水是对许多疾病最好的药。
mobile phone,n.,/ˈməʊbaɪl/ /fəʊn/,移动电话；手机,a phone you can carry,cellphone,handset,smartphone,I left my ______ at home today.,A ______ lets students learn anywhere.,今天我把手机落在家了。,手机让学生随处学习。
modern,adj.,/ˈmɒdən/,现代的,new and of today,new,current,recent,The ______ library is bright and open.,A ______ city plans for people first.,现代图书馆明亮开阔。,现代城市以人为本规划。
mood,n.,/muːd/,情绪；心情,the feeling you are in,feeling,temper,state,He is in a good ______ today.,A calm ______ helps a family get along.,他今天心情好。,平静的心情帮助家庭和睦。
negative,adj.,/ˈnɛɡətɪv/,负面的,not positive; bad,bad,poor,unhelpful,Try not to think ______ thoughts.,A ______ view can stop you from trying.,尽量别想消极的事。,消极看法会让你不敢尝试。
obligation,n.,/ˌɒblɪˈɡeɪʃən/,义务；责任,something you must do,duty,responsibility,must,It is our ______ to help others.,Paying tax is a citizen's ______.,帮助他人是我们的义务。,纳税是公民的义务。
painting,n.,/ˈpeɪntɪŋ/,绘画,a picture made with paint,picture,art,canvas,The ______ on the wall is mine.,A school ______ shows a child's view.,墙上的画是我的。,学校的画展现孩子的视角。
science,n.,/ˈsaɪəns/,科学,the study of nature and facts,physics,study of nature,knowledge,We love ______ because it explains the world.,Good ______ needs careful testing.,我们爱科学，因为它解释世界。,好科学需要细致验证。
sleep,n.,/sliːp/,睡眠,rest with eyes closed,rest,doze,nap,I need eight hours of ______ each night.,Enough ______ helps a child grow.,我每晚需要八小时睡眠。,充足睡眠帮助孩子成长。
special,adj.,/ˈspɛʃəl/,特殊的；特别的,not ordinary; important,unusual,particular,unique,Today is a ______ day for us.,A ______ needs room makes a child feel loved.,今天对我们是特别的一天。,特别的房间让孩子感到被爱。
straight,adj.,/streɪt/,直接；立即,not curved; directly,direct,level,upright,Go ______ along this road to school.,A ______ road is safer for young riders.,沿这条路直走到学校。,直路对年轻骑行者更安全。
strategy,n.,/ˈstrætəʤi/,策略,a plan to win or succeed,plan,method,approach,We need a good ______ to learn words.,A clear ______ helps a city cut waste.,我们需要记单词的好策略。,清晰策略帮助城市减少浪费。
style,n.,/staɪl/,风格,a way of doing or looking,way,manner,fashion,I like her writing ______ a lot.,A city's ______ shows its character.,我很喜欢她的写作风格。,城市的风格展现其个性。
tired,adj.,/taɪəd/,累的,needing rest or sleep,weary,sleepy,worn,I am ______ after the long school day.,A ______ student learns less well.,long school day 后我很累。,疲惫的学生学得较差。
turn off,phr.,/tɜːn/ /ɒf/,关掉,to stop a machine working,switch off,shut off,power down,______ the light before you sleep.,We should ______ screens before bed.,睡前关灯。,睡前应关掉屏幕。
twice,adv.,/twaɪs/,两次,two times,two times,double,again,I go there ______ a week.,Reading ______ is better than once.,我一周去两次。,读两遍好过一遍。
walk,v.,/wɔːk/,散步,to move on your feet,stroll,step,go on foot,We ______ to school every day.,Children who ______ to school stay healthy and fit.,我们每天走路去上学。,走路上学让孩子健康。
wear,v.,/weə/,穿戴,to have clothes on your body,put on,have on,dress in,I ______ a coat when it is cold.,A school uniform teaches children to ______ one.,冷时我穿外套。,校服教孩子穿着统一。
whenever,conj.,/wɛˈnɛvə/,在任何时候,at any time that,every time,any time,when,"______ you like, we can start.",Call me ______ you need help.,你随时想开始都行。,需要帮助就随时打电话给我。
young,adj.,/jʌŋ/,年轻的,not old; in early life,youthful,little,junior,The ______ students played outside.,A ______ city needs good schools.,年幼的学生在外面玩。,年轻的城市需要好学校。
a range of,phr.,/ə/ /reɪnʤ/ /ɒv/,一系列的,many different kinds,many kinds of,various,a variety of,We sell ______ books for all ages.,A city offers ______ jobs to its people.,我们卖适合各年龄的多种书。,城市为居民提供各种各样的岗位。
absolutely,adv.,/ˈæbsəluːtli/,极其,completely; totally,completely,totally,quite,I am ______ sure about the plan.,Clean air is ______ needed in big cities.,我完全确定这个计划。,大城市绝对需要清洁空气。
accept,v.,/əkˈsɛpt/,接受（建议、邀请等）,to take something offered,take,receive,agree to,Please ______ my help with the bags.,A school should ______ every child.,请接受我帮你拿包的帮助。,学校应接纳每个孩子。
acceptable,adj.,/əkˈsɛptəbəl/,可以接受的,good enough; allowed,fine,okay,permissible,Your work is ______ this time.,An ______ level of noise keeps a home calm.,你这次作业合格了。,可接受的噪音水平让家庭平静。
additionally,adv.,/əˈdɪʃənəli/,此外,also; in addition,also,besides,furthermore,"______, we need more time.","The park is free; ______, it is open all day.",此外，我们还需要更多时间。,公园免费；此外全天开放。
administration,n.,/ədˌmɪnɪˈstreɪʃən/,行政,the people who run a place,management,office,leaders,The school ______ is kind and fair.,Good ______ makes a school run well.,学校管理层友善公平。,好的管理让学校运转良好。
appointment,n.,/əˈpɔɪntmənt/,预约,a planned meeting with someone,meeting,date,booking,I have a doctor's ______ at three.,Keep your ______ to show respect.,我三点有医生预约。,守约以示尊重。
Arabic,adj.,/ˈærəbɪk/,阿拉伯语,from Arabia; its language,from Arabia,Arab,Middle Eastern,He studies ______ at university.,______ script is written from right to left.,他在大学学阿拉伯语。,阿拉伯文从右向左书写。
at first,phr.,/æt/ /fɜːst/,起初；起先,in the beginning,initially,at the start,in the beginning,"______, it was hard to learn.","______, a new city feels strange.",起初学起来很难。,起初新城市让人觉得陌生。
brain,n.,/breɪn/,脑,the part of the body that thinks,mind,head,thinker,We use our ______ to solve problems.,A good night helps the ______ rest.,我们用脑解决问题。,好睡眠让大脑休息。
carry,v.,/ˈkæri/,搬；扛；背,to hold and move something,take,bring,lift,Can you ______ this heavy bag?,Parents ______ both work and family.,你能拿这个重包吗？,父母兼顾工作与家庭。
collocation,n.,/ˌkɒləʊˈkeɪʃən/,词组,words often used together,word pair,phrase,combination,Learn the ______ 'make a mistake'.,A strong ______ skill aids fluent speech.,学搭配“make a mistake”。,扎实的搭配能力助流利口语。
communicate,v.,/kəˈmjuːnɪkeɪt/,沟通,to share ideas with others,talk,share,express,We ______ by email every day.,Families should ______ openly at home.,我们每天用邮件沟通。,家庭应在家 open 沟通。
conclusion,n.,/kənˈkluːʒən/,结论,the final thought at the end,end,result,summary,"In ______, reading helps us grow.","______, cities need more green.",总之，阅读助我们成长。,总之，城市需要更多绿地。
continuously,adv.,/kənˈtɪnjuəsli/,持续地,without stopping,constantly,always,non-stop,It rained ______ from morning to night.,Traffic flows ______ in big cities.,从早到晚雨下个不停。,大城市车流不息。
culture,n.,/ˈkʌlʧə/,文化；文明,the way a group of people lives,tradition,way of life,customs,Food shows a country's ______.,A city's ______ grows from its people.,食物展示一个国家的文化。,城市文化自人民而生。
cycle,v.,/ˈsaɪkəl/,骑自行车,to ride a bicycle,bike,ride,pedal,I ______ to work in summer.,More people ______ where paths are safe.,夏天我骑车上班。,路安全时更多人骑车。
disadvantage,n.,/ˌdɪsədˈvɑːntɪʤ/,劣势,something bad about a thing,downside,weakness,drawback,A ______ is the high cost.,A ______ of cities is noisy traffic.,一个缺点是成本高。,城市的缺点之一是嘈杂交通。
effort,n.,/ˈɛfət/,努力,hard work put into something,work,try,labour,It takes ______ to learn a language.,Small daily ______ adds up to success.,学语言需要努力。,每日小小的努力积累成成功。
extra,adj.,/ˈɛkstrə/,额外的,more than is usual,additional,spare,more,We need an ______ chair for the guest.,An ______ hour of sleep helps teens.,我们需要一把额外的椅子给客人。,多一小时睡眠帮助青少年。
formal,adj.,/ˈfɔːməl/,正式的,very correct in style or dress,official,serious,proper,Wear ______ clothes to the interview.,A ______ letter shows respect.,面试穿正式衣服。,正式信件显尊重。
furthermore,adv.,/ˌfɜːðəˈmɔː/,此外,also; in addition to that,also,besides,moreover,"______, it is cheap and healthy.","The plan is fair; ______, it is cheap.",此外，它便宜又健康。,计划公平；此外还便宜。
general,adj.,/ˈʤɛnərəl/,将军n. 总体的一般的 adj.,about most cases,usual,common,overall,"In ______, boys like ball games.","______, cities are warmer than villages.",一般来说男孩喜欢球类运动。,一般来说城市比乡村暖。
German,adj.,/ˈʤɜːmən/,德语,from or of Germany,from Germany,of Germany,European,She speaks ______ with her grandparents.,______ engineering is known worldwide.,她和祖父母讲德语。,德国工程举世闻名。
go sightseeing,phr.,/ɡəʊ/ /ˈsaɪtˌsiːɪŋ/,去观光,to visit places of interest,see the sights,tour,visit,We ______ in the old town.,Families ______ to learn local history.,我们在老城观光。,家庭观光以了解本地历史。
hundreds of,phr.,/ˈhʌndrədz/ /ɒv/,数以百计,a very large number,many,countless,numerous,______ people came to the park.,______ students took the test.,成百上千的人来到公园。,成百学生参加了测验。
Internet,n.,/ˈɪntənɛt/,（国际）互联网,the world's network of computers,web,net,online,We use the ______ for our study.,The ______ opens schools to the world.,我们用互联网学习。,互联网把学校向世界敞开。
introduce,v.,/ˌɪntrəˈdjuːs/,使次了解；使尝试,to present someone or something,present,bring in,show,Let me ______ my new friend to you.,A good teacher ______ hard ideas with ease.,让我把你介绍给我的新朋友。,好老师轻松引入难懂概念。
lazy,adj.,/ˈleɪzi/,懒惰的,not wanting to work or move,idle,slow,inactive,Don't be ______ on your weekend.,"A ______ day once a week is fine, not always.",周末别懒。,每周懒一天可以，但不能总是。
luck,n.,/lʌk/,幸运,good things that happen by chance,fortune,chance,fate,Good ______ helped him win the game.,Hard work beats blind ______ in the end.,好运帮他赢了比赛。,努力最终胜盲目的运气。
lucky,adj.,/ˈlʌki/,幸运的,having good luck,fortunate,blessed,happy,You are ______ to have this school.,A ______ child still must study hard.,你有这所学校很幸运。,幸运的孩子仍须努力学。
Mandarin,n.,/ˈmændərɪn/,普通话,the main language spoken in China,Chinese,Putonghua,standard Chinese,She speaks ______ fluently and clearly.,______ links many Chinese regions.,她普通话流利清晰。,普通话连接中国许多地区。
motivated,adj.,/ˈməʊtɪveɪtɪd/,有积极性的,eager to do well,eager,driven,keen,A ______ student learns faster.,A ______ team reaches its goal.,有动力的学生学得更快。,有动力的团队达成目标。
multilingual,adj.,/ˌmʌltɪˈlɪŋɡwəl/,使用多种语言的,able to use many languages,many-tongued,polyglot,multi-language,She is ______ in three tongues.,A ______ city welcomes many cultures.,她通三种语言。,多语城市欢迎多种文化。
newspaper,n.,/ˈnjuːzˌpeɪpə/,报纸,a daily printed source of news,paper,press,journal,I read the ______ at breakfast.,A free ______ informs every citizen.,早餐时我读报纸。,免费报纸告知每位市民。
no more,phr.,/nəʊ/ /mɔː/,不再；再也不,not any longer,not any more,no longer,stop,"There is ______ cake left, sorry.","There is ______ cake left, sorry.",没有蛋糕剩下了，抱歉。,没有蛋糕剩下了，抱歉。
notebook,n.,/ˈnəʊtbʊk/,笔记本,a book for writing notes,exercise book,jotter,pad,I write new words in my ______.,A small ______ helps study on the bus.,我把生词写在笔记本。,小笔记本帮助在公交上学习。
on the Internet,phr.,/ɒn/ /ði/ /ˈɪntənɛt/,在互联网上,using the world web,online,on the web,on the net,We found the answer ______.,We found the answer ______.,我们在网上找到了答案。,我们在互联网上找到了答案。
phrase,n.,/freɪz/,短语,a small group of words,expression,saying,group,Learn this useful ______ by heart.,A fixed ______ aids quick speaking.,背下这个有用的短语。,固定短语助快速口语。
population,n.,/ˌpɒpjəˈleɪʃən/,人口,all the people in a place,people,citizens,inhabitants,The ______ of the city is large.,A city's ______ decides its transport needs.,这座城市人口众多。,城市人口决定其交通需求。
present continuous,n.,/ˈprɛzənt/ /kənˈtɪnjuəs/,现在进行时,a verb form for actions now,continuous,-ing form,present progressive,We use the ______ for what is happening.,We use the ______ for what is happening.,我们用现在进行时表示正在发生。,我们用现在进行时表示正在发生。
regularly,adv.,/ˈrɛɡjələli/,经常地，定期地,often and on time,often,frequently,routinely,He ______ practises the piano at home.,A child who reads ______ learns more.,他定期在家练钢琴。,定期阅读的孩子学得更多。
remind,v.,/rɪˈmaɪnd/,提醒；使想起,to help someone remember,prompt,tell,nudge,Please ______ me of the time.,A note can ______ you of homework.,请提醒我时间。,便条能提醒你作业。
shy,adj.,/ʃaɪ/,羞怯的；腼腆的,nervous with new people,timid,quiet,reserved,He is ______ in big groups of people.,A ______ child needs gentle teachers.,他在大群体里害羞。,害羞的孩子需要温和的老师。
specify,v.,/ˈspɛsɪfaɪ/,明确指出,to state exactly,state,detail,name,Please ______ your size and colour.,Forms should ______ what is needed.,请说明你的尺寸和颜色。,表格应写明所需。
speech,n.,/spiːʧ/,演说；发言,a talk given to a group,talk,address,lecture,He gave a short ______ in class.,A clear ______ builds a leader's trust.,他在课上做了简短发言。,清晰的发言建立领导者信任。
successful,adj.,/səkˈsɛsfəl/,成功的,doing well; reaching a goal,winning,good,prospering,She is a ______ student and friend.,A ______ city plans for its people.,她是成功的学生和朋友。,成功的城市为人民规划。
summarise,v.,/ˈsʌməraɪz/,总结,to give the main points,sum up,condense,brief,Can you ______ the story in one line?,Learn to ______ a long text fast.,你能用一句话概括故事吗？,学会快速概括长文。
Swahili,n.,/swɑːˈhiːli/,斯瓦西里语,a language widely spoken in East Africa,Kiswahili,East African language,Bantu,They speak ______ in Kenya and Tanzania.,______ links many East African nations.,他们在肯尼亚和坦桑尼亚说斯瓦希里语。,斯瓦希里语连接东非多国。
take care of,phr.,/teɪk/ /keər/ /ɒv/,照顾；照料,to look after a person or thing,care for,look after,mind,I ______ my little brother after school.,Families that ______ each other grow closer.,放学后我照顾弟弟。,互相照顾的家庭更亲密。
to sum up,phr.,/tuː/ /sʌm/ /ʌp/,总之,to give the main points,in summary,in conclusion,briefly,"______, reading helps us in every way.","______, cities need both roads and parks.",总之，阅读在各方面都帮助我们。,总之，城市既需要路也需要公园。
upset,adj.,/ʌpˈsɛt/,沮丧的,sad or worried about something,sad,worried,unhappy,She was ______ about the low score.,An ______ child needs a calm adult.,她为低分感到沮丧。,沮丧的孩子需要平静的成人。
video,n.,/ˈvɪdiəʊ/,视频,a recording that shows moving pictures,film,clip,recording,We watched a short ______ about space.,A short ______ can teach a hard idea.,我们看了一段关于太空的短视频。,短视频能教难懂的概念。
west,n.,/wɛst/,西；西方,the direction where the sun sets,western,leftward,occident,The sun sets in the ______ each day.,Wind from the ______ brings mild air.,太阳每天从西边落下。,西风带来温和空气。
actually,adv.,/ˈækʧuəli/,事实上,really; in fact,really,in fact,truly,"I am ______ from the north, not here.",Cities are ______ cooler than the land around.,我其实来自北方，不是这里。,城市其实比周边土地更凉。
aeroplane,n.,/ˈeərəpleɪn/,飞机,a machine that flies in the sky,plane,aircraft,jet,We flew by ______ to Paris.,A fast ______ connects far cities in hours.,我们乘飞机去巴黎。,快速的飞机在数小时内连接远城。
anybody,pron.,/ˈɛniˌbɒdi/,任何人,any person at all,anyone,someone,a person,______ can learn to cook a meal.,______ can join the free class.,任何人都能学会做饭。,任何人都能加入免费班。
attachment,n.,/əˈtæʧmənt/,附件,a file sent with an email,file,enclosure,appendix,I sent the photo as an ______.,A clear ______ helps others read your work.,我把照片作为附件发送。,清晰的附件帮助他人读你的作业。
axis,n.,/ˈæksɪs/,轴,an imaginary line through the middle,line,spindle,pivot,The earth turns on its ______ once a day.,The earth turns on its ______ once a day.,地球绕地轴每天转一圈。,地球绕地轴每天转一圈。
backup,n.,/ˈbækʌp/,备份,a copy kept safe,copy,spare,reserve,Keep a ______ of your school work.,A daily ______ prevents lost files.,给学业文件留个备份。,每日备份防止文件丢失。
bar,n.,/bɑː/,（长方形）条,a place where people drink,pub,cafe,joint,We met at the ______ for a drink.,A quiet ______ is a good place to talk.,我们在酒吧碰面喝一杯。,安静的酒吧是聊天的好地方。
battery,n.,/ˈbætəri/,电池,a thing that gives power to devices,cell,power pack,accumulator,The ______ is dead in the remote.,A dead ______ stops a phone from working.,遥控器里的电池没电了。,没电的电池让手机无法工作。
breathe,v.,/briːð/,呼吸,to take air in and out,respire,inhale and exhale,pant,______ deeply before you speak.,Children should ______ fresh air each day.,说话前深呼吸。,孩子每天应呼吸新鲜空气。
case,n.,/keɪs/,外壳,a particular situation or example,situation,matter,instance,"In this ______, we go home early.","In every ______, safety comes first.",这种情况我们早点回家。,任何情况下安全第一。
certainly,adv.,/ˈsɜːtənli/,无疑；肯定；当然,without doubt; surely,surely,definitely,sure,I will ______ help you with the bags.,A good plan will ______ save time.,我一定帮你拿包。,好计划一定省时。
chart,n.,/ʧɑːt/,图表,a picture that shows data,graph,table,diagram,The ______ shows the test results.,A clear ______ helps a class see progress.,图表显示测验结果。,清晰图表帮班级看到进步。
client,n.,/ˈklaɪənt/,客户机,a person who uses a service,customer,user,patron,The ______ waited for the lawyer.,A happy ______ returns to the same shop.,客户等着律师。,满意的客户回到同一家店。
communication,n.,/kəˌmjuːnɪˈkeɪʃən/,交流；交际,the sharing of information,contact,talk,exchange,Good ______ builds trust at home.,Good ______ builds trust at home.,良好沟通在家中建立信任。,良好沟通在家中建立信任。
crash,v.,/kræʃ/,碰撞；相撞,to hit hard and break,smash,collide,wreck,The car ______ into the wall in the rain.,A car may ______ if the road is wet.,车在雨中撞上墙。,路面湿时车可能相撞。
create,v.,/kriˈeɪt/,创造；创作,to make something new,make,build,invent,We ______ a poster for the class.,Art helps children ______ new ideas.,我们为班级做了一张海报。,艺术帮孩子创造新想法。
dangerous,adj.,/ˈdeɪnʤərəs/,危险的,able to cause harm,unsafe,risky,perilous,The road is ______ at night for kids.,A ______ crossing needs a traffic light.,这条路夜间对孩子危险。,危险的路口需要红绿灯。
decrease,v.,/dɪˈkriːs/,减少,to become less,drop,fall,reduce,The number of cars ______ this year.,Air pollution can ______ with more trees.,汽车数量今年下降。,多种树能减少空气污染。
definition,n.,/ˌdɛfɪˈnɪʃən/,定义,the meaning of a word,meaning,sense,explanation,Look up the ______ in the book.,A clear ______ helps you use a word right.,在书里查词义。,清晰的定义帮你用对词。
deliver,v.,/dɪˈlɪvə/,送达,to take something to a person,bring,carry,send,They ______ the parcel to my door.,Shops ______ food to busy families.,他们把包裹送到我家门口。,商店给忙碌家庭送餐。
description,n.,/dɪˈskrɪpʃən/,说明；形容,words that say what something is,account,picture,explanation,Give a ______ of your room.,A clear ______ helps others see your idea.,描述一下你的房间。,清晰描述帮他人理解你的想法。
desktop,n.,/ˈdɛsktɒp/,台式电脑,the main screen of a computer,screen,home screen,workspace,"Save the file on the ______, not lost.",A tidy ______ saves time when you study.,把文件存在桌面，别弄丢。,整洁的桌面节省学习时间。
device,n.,/dɪˈvaɪs/,设备,a machine made for a use,tool,gadget,machine,This ______ helps you learn words.,A small ______ puts a library in your bag.,这个设备帮你记单词。,小设备把图书馆装进书包。
diagram,n.,/ˈdaɪəɡræm/,图表,a simple drawing that explains,drawing,chart,picture,The ______ shows how it works.,A good ______ explains a hard idea fast.,图示展示它如何运作。,好图示快速解释难概念。
digital,adj.,/ˈdɪʤɪtəl/,数码的,using computer numbers,electronic,computer,online,We live in a ______ age now.,A ______ city serves people through screens.,我们生活在数字时代。,数字城市通过屏幕服务民众。
display,v.,/dɪˈspleɪ/,显示,to show something to people,show,exhibit,screen,The screen ______ the final score.,A board ______ the next bus time.,屏幕显示最终比分。,电子牌显示下趟公交时间。
document,n.,/ˈdɒkjəmənt/,文档,a paper or file with text,paper,file,text,Open the ______ on your laptop.,A shared ______ helps a team work together.,在你的笔记本打开文档。,共享文档帮助团队协作。
file,n.,/faɪl/,档案,a saved piece of data,document,record,data,Save the ______ before you close it.,Keep a copy of every important ______.,关闭前保存文件。,重要文件都要留副本。
grade,n.,/ɡreɪd/,年级,a mark given for work,mark,score,level,He got a good ______ on the test.,A fair ______ motivates a student.,他测验得了好分数。,公平分数激励学生。
impossible,adj.,/ɪmˈpɒsəbəl/,不可能的,not able to be done,not possible,out of reach,unable,It is ______ to finish in one hour.,Nothing is ______ with daily effort.,一小时完成不可能。,每日努力无事不可能。
in fact,phr.,/ɪn/ /fækt/,事实上,really; the truth is,actually,really,as a matter of fact,"______, I like the book a lot.","______, reading beats watching for memory.",其实我很喜欢这本书。,其实阅读比观看更利记忆。
infinitive,n.,/ɪnˈfɪnɪtɪv/,（动词）原形，不定式,the base form of a verb (to + verb),base form,to-form,verb form,To go is the ______ of go.,The ______ is the start of every verb.,To go 是 go 的不定式。,不定式是每个动词的开头。
landline,n.,/ˈlændlaɪn/,固定电话,a phone fixed by a wire,fixed phone,wire phone,home phone,Call me on my ______ at home.,A ______ still works when mobiles fail.,打我家座机找我。,手机失灵时座机仍可用。
line,n.,/laɪn/,线；线条,a long thin mark or row,row,mark,stroke,Draw a straight ______ under the word.,Wait in a ______ for the bus.,在词下画条直线。,排队等公交。
look like,phr.,/lʊk/ /laɪk/,看起来像……,to resemble someone or something,resemble,appear as,seem,He ______ his father in many ways.,A town may ______ its history.,他在很多方面像父亲。,城镇可能像它的历史。
microphone,n.,/ˈmaɪkrəfəʊn/,麦克风,a tool that makes the voice louder,mic,mike,voice tool,"Speak into the ______, please, clearly.",A good ______ helps a shy child be heard.,请对着麦克风清楚地说。,好麦克风让害羞的孩子被听见。
million,n.,/ˈmɪljən/,一百万,"a thousand thousand (1,000,000)",1000000,a great number,heap,The city has two ______ people.,A ______ trees would clean the air.,这座城市有两百万人。,一百万棵树能净化空气。
millions of,phr.,/ˈmɪljənz/ /ɒv/,大量的；数以百万计的,a very huge number,countless,many,numerous,______ people use the app daily.,______ students learn online.,数百万人每天用这个应用。,数百万学生在线学习。
ordinary,adj.,/ˈɔːdənəri/,普通的；平凡的,normal; not special,normal,usual,common,It was an ______ day at school.,An ______ park can be a child's world.,那是学校普通的一天。,普通的公园可以是孩子的世界。
paraphrase,v.,/ˈpærəfreɪz/,改述,to say the same thing in other words,reword,restate,rephrase,Can you ______ this long sentence?,Learn to ______ to show real understanding.,你能改写这个长句吗？,学会改写以展示真正理解。
particular,adj.,/pəˈtɪkjələ/,特定的，具体的,special; this one and not others,specific,special,certain,I like this ______ song the most.,Each ______ child needs a particular care.,我最喜欢这首特定的歌。,每个特定的孩子需要特定的关怀。
peer-to-peer,adj.,/pɪə/-/tuː/-/pɪə/,点对点的,direct between two users,P2P,user-to-user,direct,"It is a ______ sharing app, not a shop.",A ______ network lets users help users.,这是点对点共享应用，不是商店。,点对点网络让用户帮用户。
percentage,n.,/pəˈsɛntɪʤ/,百分比,an amount out of a hundred,percent,rate,share,What ______ of students passed?,The ______ of readers rises with free books.,百分之多少学生通过了？,读者比例随免费书上升。
period,n.,/ˈpɪəriəd/,时期,a length of time,time,span,stage,We rested for a short ______.,A long ______ of rain can flood a city.,我们休息了一小段时间。,长时间降雨能淹没城市。
plastic,n.,/ˈplæstɪk/,塑料,a light man-made material,synthetic,polymer,resin,"The cup is made of ______, not glass.",Too much ______ harms the sea.,杯子是塑料做的，不是玻璃。,过多塑料危害海洋。
plug in,phr.,/plʌɡ/ /ɪn/,插上插头,to connect to a power supply,connect,insert,power up,______ the laptop before the class.,Remember to ______ devices after use.,课前给笔记本插上电。,记得用后拔掉设备电源。
power,n.,/ˈpaʊə/,力量；能量,energy used to make things work,energy,force,strength,The ______ went off in the storm.,Clean ______ keeps a city running.,停电了，因为暴风雨。,清洁电力让城市运转。
receive,v.,/rɪˈsiːv/,收到,to get something that is sent,get,accept,take,I ______ a letter from my aunt.,A school should ______ every child with care.,我收到姑姑的信。,学校应悉心接收每个孩子。
release,v.,/rɪˈliːs/,放开；松开,to let go or publish something,publish,issue,set free,They ______ a new study app.,A city may ______ data for the public.,他们发布了一款新学习应用。,城市可发布数据给公众。
rich,adj.,/rɪʧ/,富有的；富裕的,having a lot of money,wealthy,well-off,affluent,The ______ family gave to the school.,A ______ city can fund good schools.,富裕家庭捐给了学校。,富裕城市能资助好学校。
rise,v.,/raɪz/,上升,to go up or increase,go up,climb,increase,The sun ______ in the east each day.,House prices ______ near good schools.,太阳每天从东方升起。,好学校附近房价上涨。
scientist,n.,/ˈsaɪəntɪst/,科学家,a person who studies science,researcher,scholar,expert,The ______ won an award for her work.,A ______ tests ideas before stating them.,那位科学家因工作获奖。,科学家在下结论前先验证想法。
seem,v.,/siːm/,好像；似乎,to appear to be something,appear,look,feel,He ______ happy about the result.,A small park ______ to make people smile.,他似乎对结果满意。,小公园似乎让人微笑。
side,n.,/saɪd/,侧面,the edge or part of something,edge,part,border,We sat on the ______ of the pool.,A safe ______ of the road needs a rail.,我们坐在泳池边。,路边安全处需要护栏。
smartphone,n.,/ˈsmɑːtfəʊn/,智能手机,a phone with computer features,mobile,cell,handset,She learnt words on her ______.,A ______ puts a tutor in your pocket.,她在智能手机上记单词。,智能手机把老师装进口袋。
spell,v.,/spɛl/,用字母拼；拼写,to write the letters of a word,write,letter,say letters,How do you ______ this long word?,Learn to ______ well to be understood.,这个长词怎么拼？,学好拼写才能被理解。
statement,n.,/ˈsteɪtmənt/,陈述,something stated clearly,remark,claim,sentence,He made a clear ______ about it.,A short ______ shows what you think.,他对此做了清晰陈述。,简短陈述表明你的想法。
stream,v.,/striːm/,在线收听（或收看）,to play data as it arrives,flow,feed,current,You can ______ the film at home.,Schools can ______ lessons to remote kids.,你可以在家在线播放这部电影。,学校可把课程直播给偏远孩子。
success,n.,/səkˈsɛs/,成功,doing well; reaching a goal,win,achievement,triumph,Hard work brings ______ in study.,A city's ______ depends on its people.,努力带来学业成功。,城市的成功取决于其人民。
suddenly,adv.,/ˈsʌdənli/,突然；忽然,quickly and without warning,all at once,abruptly,unexpectedly,It ______ started to rain hard.,The light ______ went out in the storm.,突然下起大雨。,灯在暴风雨中突然熄灭。
summary,n.,/ˈsʌməri/,总结,a short account of the main points,brief,overview,abstract,Write a ______ of the long text.,A good ______ shows you understood it.,写一段长文的摘要。,好摘要表明你理解了。
swipe,v.,/swaɪp/,滑动屏幕,to move a finger across a screen,slide,brush,flick,______ left to see more photos.,Kids ______ screens without a thought.,向左滑看更多照片。,孩子不假思索地滑屏幕。
tablet,n.,/ˈtæblət/,平板电脑,a flat handheld computer,pad,slate,device,She reads books on a ______.,A ______ is lighter than a laptop for reading.,她用平板电脑看书。,平板比笔记本更轻，适合阅读。
touch,v.,/tʌʧ/,触摸；碰,to feel something with the hand,feel,tap,contact,______ the screen to start the app.,"Do not ______ the hot pan, please.",触摸屏幕启动应用。,请勿触摸热锅。
web server,n.,/wɛb/ /ˈsɜːvə/,网络服务器 same /seɪm/,a computer that serves web pages,server,host,site machine,The ______ was down for an hour.,A fast ______ keeps a site open to all.,网络服务器宕机了一小时。,快速服务器让网站对人人开放。
glove,n.,/ɡlʌv/,（分手指的）手套,a cover for the hand with separate fingers,mitten,hand cover,fingerless glove,He put on a ______ before going out in the cold.,People wear a ______ to protect hands from the cold wind.,他出门前戴上了一双______抵御寒冷。,人们戴______保护双手免受寒风。
go on holiday,phr.,/ɡəʊ/ /ɒn/ /ˈhɒlədeɪ/,去度假,to take a vacation; to travel for rest,take a trip,go travelling,have time off,We ______ in summer when school ends.,Families who ______ learn about new places and cultures.,学校放假后我们______。,去______的家庭能了解新地方与文化。
go sailing,phr.,/ɡəʊ/ /ˈseɪlɪŋ/,去进行帆船运动,to ride a boat with sails for fun,sail a boat,take a sailing trip,go boating,Children like to ______ on the lake at weekends.,Young people who ______ learn to read the wind and water.,孩子们周末喜欢去湖上______。,去______的年轻人学会读懂风与水。
gold,n.,/ɡəʊld/,金子；黄金,a yellow precious metal,golden metal,precious metal,bullion,She wears a ring made of ______.,A country that sells ______ can grow its trade with others.,她戴着一枚______做的戒指。,出口______的国家能促进与他国贸易。
gold medal,n.,/ɡəʊld/ /ˈmɛdəl/,金牌,a prize given to the winner,first prize,top award,championship trophy,He won a ______ in the school race.,An athlete who earns a ______ becomes a model for young fans.,他在校运会赛跑中赢得一枚______。,赢得______的运动员成为年轻粉丝的榜样。
salmon,n.,/ˈsæmən/,三文鱼,a fish with pink meat,pink fish,ocean fish,trout,We ate ______ for dinner last night.,Eating ______ gives people healthy oil from the sea.,昨晚我们晚餐吃了______。,吃______能为人体提供来自海洋的健康油脂。
